,Sumerian - Input,English - Exact,English - Predicted
0,NUMB sila ce sa ce inuha,"NUMB sila3 barley … straw ,","NUMB sila3 barley of Hunum ,"
1,NUMB sila gugalgal mua,"NUMB sila3 , chickpeas , grown ,","NUMB lamb of salt , the “ ragaba ” ,"
2,NUMB sila guturtur mua,"NUMB sila3 lentils , grown ,","NUMB lamb of salt , the “ ragaba ” ,"
3,NUMB sila gig mua,"NUMB sila3 wheat , grown ,","NUMB sila3 fine wheat ,"
4,NUMB sila imgaga mua,"NUMB sila3 … grown ,","NUMB ban NUMB sila spelt ,"
5,NUMB sila ce inuha mua,"NUMB sila3 barley , straw , grown ,","NUMB lamb of mountainland , grain of the year ,"
6,NUMB sila gugalgal X X,"NUMB sila3 chickpeas , … ,","NUMB sila3 Geštinana-ama-lugal … ,"
7,NUMB sila guturtur X X,"NUMB sila3 lentils , … ,","NUMB sila3 Geštinana-ama-lugal … ,"
8,NUMB sila cegeci X,"NUMB sila3 sesame oil , … ,","NUMB sila3 sesame seeds ,"
9,ma anace ca X,"for the boat of An , in … ,",for the ordNUMB time .
10,ekicnugalce,for the Ekišnugal temple,"say ,"
11,urdublamah,"Ur-dublamaḫ ,","say ,"
12,dumu X,"son of ARAD-… ,",son of Lugal-… .
13,situm,the remaining ( carry-over deficit ) ;,the remainder ;
14,NUMB ku sagkur,"NUMB , NUMB “ headed ” fish ,","NUMB fish of copper ,"
15,kubi NUMB gin NUMB ce,"their silver : NUMB shekels , NUMB grains ;",its silver : NUMB shekel NUMB grains ;
16,NUMB ku cabar,"NUMB gutted fish , their silver : NUMB shekels","NUMB fish of copper ,"
17,kubi NUMB gin,their silver : NUMB shekels,the silver : NUMB shekels ;
18,NUMB gu siki,"NUMB talents of wool ,","NUMB talents of plaster ,"
19,ca kiciba,under seal .,"in Tummal ,"
20,NUMB ku girus,"NUMB , NUMB slit fish ,","NUMB fish of copper ,"
21,NUMB iku,"NUMB fish oil ,","NUMB jenny ,"
22,NUMB zulum gur,"NUMB of dates ,",NUMB of dates
23,kubi NUMB mana NUMB gin,"their silver : NUMB mana , NUMB shekels ;",the silver : NUMB mana NUMB shekels ;
24,mu enmahgalana bahun,year : “ Enmaḫgalana was installed ” AS NUMB .,year : “ Enmaḫgalana was hired . ”
25,mu enunugal inanna bahun,year : “ En-unugal-Inanna was installed ” AS NUMB .,year : “ Enunugal of Inanna was installed . ”
26,NUMB ummu,"NUMB water skins ,","( and ) NUMB water skins ,"
27,kubi NUMB gin NUMB ce,"their silver : NUMB shekel , NUMB grains ;",its silver : NUMB shekel NUMB grains ;
28,NUMB esir X,NUMB pairs ? of leather sandals,"NUMB sheep … ,"
29,kubi NUMB gin X,their silver : NUMB shekel …,its silver : NUMB shekels …
30,kubi n,their silver : …,its silver : NUMB ( shekel ) ;
31,ce icahka,barley of the lard .,"barley of the oxen-fields ,"
32,cunigin NUMB mana NUMB gin NUMB ce kubabbar,"Together : NUMB mana , NUMB shekels , NUMB grains of silver","total : NUMB mana , NUMB shekels , NUMB grains of silver ."
33,NUMB mana la NUMB gin NUMB ce kubabbar,"NUMB mana NUMB shekel , NUMB grains of silver ,","NUMB mana , NUMB shekel NUMB grains silver ,"
34,kubi NUMB mana NUMB gin,"their silver : NUMB mana , NUMB shekels ,",the silver : NUMB mana NUMB shekels ;
35,kicib lukala,under the seal of Lukalla ;,under seal of Lukalla ;
36,NUMB sila icah gur,"NUMB , NUMB , NUMB , NUMB sila3 of lard ,","NUMB sila3 of lard ,"
37,kubi NUMB mana NUMB gin la NUMB ce,"its silver : NUMB mana , NUMB shekels NUMB grains ,",its silver : NUMB mana NUMB shekels NUMB grains ;
38,kicib urculpae,under the seal of Ur-Šulpae ;,under seal of Ur-Šulpa’e ;
39,NUMB sila gectin had sadu lugal,"NUMB sila3 of raisins , royal supplement ,","NUMB ban , food of the royal ( grade ) ,"
40,NUMB sila gectin had giri lugalcala,"NUMB sila3 of raisins via Lugal-šala ,","NUMB sila3 , Šeš-dada , … ,"
41,kubi NUMB,their silver : NUMB shekel ;,its silver : NUMB shekel ;
42,NUMB kabkul,"NUMB wooden k-containers ,","NUMB PAda ,"
43,kubi NUMB gin,their silver : NUMB shekels ;,the silver : NUMB shekels ;
44,kicib agu,under the seal of Agu ;,under seal of Agu ;
45,NUMB gin ku uruda urima,"NUMB shekels of silver for Ur copper ,","NUMB shekels silver of copper ,"
46,giri urlamma u elubizu,via Ur-Lamma and Elubizu .,via Ur-Lamma and Kusig-banda ;
47,cunigin NUMB mana NUMB ce kubabbar,"Together : NUMB mana , NUMB shekel , NUMB grains of silver",total : NUMB minas NUMB shekel NUMB grains of silver ;
48,laia NUMB mana NUMB gin NUMB ce kubabbar,"debit : NUMB mana , NUMB shekel , NUMB grains of silver ;","the deficit ( ? ) : NUMB mana , NUMB shekels NUMB grains of silver ;"
49,nigkak ceckala damgar,"account of Šeškala , the trade agent ;","accounts of Šeškalla , merchant ,"
50,mu enunugal inanna bahun,year : “ En-unugal-Inanna was installed . ”,year : “ Enunugal of Inanna was installed . ”
51,ninkununa,To Ninkununa,he set up for him .
52,NUMB icah,"NUMB of lard ,","NUMB mare ,"
53,u amarduta baradua,"when from … they were released ,","and Geme-Enlil , his women ,"
54,geme babde,the female workers brought ( ? ) ;,the female slave whom the Brothers
55,ki luginata,from Lugina ( ’s account ),out of ( the account of ) Lu-gina
56,luenki,for Lu-Enki ;,“ beer-pouring ” ;
57,NUMB gin i NUMB gin naga,"NUMB shekels oils , NUMB shekels alkali-plant ,",NUMB shekels oil ; NUMB shekels alkali-plant ;
58,laqip,for Laqīp ;,"say ,"
59,urdari,for Ur-dari ;,"say ,"
60,aliah,for Ali’aḫ ;,"say ,"
61,duili,for Du-ilī ;,Nūr-ilī ;
62,cunigin NUMB sila kac NUMB sila ninda,total : NUMB sila3 beer ; NUMB sila3 bread ;,total : NUMB sila3 beer ; NUMB sila3 bread ;
63,NUMB sila NUMB gin cum,NUMB sila3 NUMB shekels onions ;,"NUMB sila3 NUMB shekels onions ,"
64,NUMB sila NUMB gin i,NUMB sila3 NUMB shekel oil ;,"NUMB sila3 NUMB shekels oil ,"
65,NUMB gin naga,NUMB shekels alkali plant ;,"NUMB shekels alkali-plant ,"
66,NUMB udu abul bara utu,"NUMB sheep , city gate , dais of Utu ;","NUMB sheep of oak ,"
67,NUMB udu abul baba,"NUMB sheep , city gate of Baba ;","NUMB sheep , ašlum ,"
68,NUMB udu abul egal,"NUMB sheep , city gate , palace ;","NUMB rams , wort ,"
69,NUMB udu abul nance,"NUMB sheep , city gate of Nanše ;","NUMB sheep of Rim-ili ,"
70,NUMB udu eunuce,"NUMB sheep , House-of-Uruk ;","NUMB fleece-less sheep of Rim-ili ,"
71,NUMB udu ga magura ningeczida,"NUMB sheep , cabin of the barge of Ningešzida ;","NUMB sheep , ašlum , sheep , uncovered offerings ,"
72,NUMB udu gudea,"NUMB sheep , Gudea ;","NUMB fleece-less sheep ,"
73,NUMB udu urlamma ensi,"NUMB sheep , Ur-Lamma , the governor ;","NUMB sheep , the governor ;"
74,siskur ga guce,offering for milk-feeding ;,"sweet-wort and Ur-gigir , Šimašgi ,"
75,giri akala luinima,"via Akalla , man of testimony ;","Responsible : Ur-Šulpa’e ,"
76,ziga ki lugalnamah,booked out of the place of Lugal-nammaḫ ;,"booked out , Booked ;"
77,iti ezemdumuzi u NUMB,"month : “ Festival of Dumuzi , ” day NUMB ,","the month “ Festival-of-Amar-Suen , ” ordNUMB day ,"
78,mu magurmah badim,year : “ Great-barge was fashioned . ”,year : “ Great-barge was fashioned . ”
79,X X X hia,Assorted …,"… , flood"
80,namrac,into booty,that which into booty
81,hadak,I made .,"say ,"
82,NEC lugal,… the king,"royal soldier ,"
83,X,"of … ,","Ur-Gal-… ,"
84,caga,into captivity,for Šaga ;
85,henidab,"I took ,","say ,"
86,cumu barabatae,and I did not let him escape my hand .,"x-agazi ,"
87,lu hul,A person who the order of a wicked thing,"the man who turned her ,"
88,NUMB kikken adabar saga,NUMB millstone of high-quality black basalt ( ? ),"NUMB sheep , Šeš-dada , good quality ,"
89,lugalitida,( for ) Lugal-itida,Lugal-itida ;
90,NUMB kikken adabar,NUMB millstone of black basalt,"NUMB , Ur-Nun-gal ,"
91,akala acgab,"( for ) Akalla , the leatherworker ;","Ayakalla , the leatherworker ,"
92,NUMB kikken ucmu X,"NUMB millstone ( of black basalt for ) Ušmu ,","NUMB sheep … ,"
93,NUMB kikken akadani,"NUMB millstone ( of black basalt for ) Akadani ,","NUMB , Ur-Nun-gal ,"
94,NUMB kikken carazame,"NUMB millstone ( of black basalt for ) Šara-zame ,","NUMB ( sila3 ) : Itidam , matters ;"
95,ki aduta,"from Adu ,",From Adu ? ;
96,kicib urnumucda,the sealed tablet of Ur-Numushda .,"under seal of Sukkal-dide ,"
97,mu usa cusuen lugale bad martu mudu,Year after : “ The king Šu-Suen erected the Amorite wall . ”,"year after : “ Šu-Suen , the king , the Amorite wall erected . ”"
98,NUMB amar macdamunus,NUMB young female gazelle,NUMB female gazelle fawn
99,dada ensi,"( from ) Dada , governor ;","Dada , the governor ;"
100,NUMB sila umu,NUMB lamb ( from ) U’umu ;,"NUMB lamb of Ṣelli-Šulgi ,"
101,NUMB sila ceckala,NUMB lamb ( from ) Šeshkalla ;,NUMB sila3 : Šeškala ;
102,idab,"has accepted ,",took ;
103,mu cusuen lugal,year : “ Šu-Suen became king . ”,year : “ Šū-Suen is king . ”
104,NUMB udu u,"NUMB grass ( -fed ) sheep ? ,","NUMB sheep , grass-fed ;"
105,ki culgilita,from Šulgi-ili,from Šulgi-ilī
106,urkununa,did Ur-kununa,"Ur-kununa ,"
107,idab,accept .,took ;
108,mu e cara umma badu,year : “ the house of Šara in Umma was erected . ”,year : “ The house of Šara of Umma was built . ”
109,duga dubsar,"Duga , scribe ,","Duga , the scribe ;"
110,sipa nagabtum,herdsman of the Nakabtum .,herder of the nakabtum .
111,luculgi,"Lu-Šulgi ,","say ,"
112,NUMB gin kubabbar,NUMB shekel of silver,"NUMB shekels silver ,"
113,ki cunisabata,from Šu-Nisaba,"from Ur-Ḫalmuša ,"
114,mu ludingirake,Since Lu-dingira,because of Namu
115,kicib nutukuace,"did not have a seal ,","under seal of Aramu ,"
116,kicib duganizi ibra,the seal of Duganizi was rolled ;,"under seal of Inim-Baba , brother ( of ) Sidu ,"
117,mu e cara badu,"year : “ The house of Šara was erected , ”",year : “ The house of Šara was built . ”
118,duganizi,"Duganizi ,","Egalesi ,"
119,dumu urcakkan cuc,"son of Ur-Šakkan , cattle manager ( ? ) .","son of Idī-Erra , chief cattle manager ,"
120,NUMB gin inun gur,"NUMB shekels butter oil ,","NUMB sila3 butter oil ,"
121,NUMB sila NUMB gin gaUD@g gur,"NUMB sila3 NUMB shekels kašk cheese ,","NUMB sila3 NUMB shekels each ,"
122,situm mu amarsuen lugale urbilum muhul,"debits of the year : “ Amar-Suen , the king , destroyed Urbilum ; ”","year : “ Amar-Suen the king , year : “ Amar-Suen was destroyed ; ”"
123,NUMB sila inun gur,"NUMB sila3 butter oil ,","NUMB sila3 butter oil ,"
124,NUMB sila gaUD@g gur,"NUMB sila3 kašk cheese ,",NUMB sila3 salt
125,ki luzabalata,from Lu-Zabala ;,"from Ur-Ḫalmuša ,"
126,NUMB inun,"NUMB butter oil ,","… butter oil ,"
127,NUMB gaUD@g,"NUMB kašk cheese ,","NUMB PAda ,"
128,ki urmamita,from Ur-Mami ;,"from Ur-Ḫalmuša ,"
129,ki urnigarta,from Ur-nigar ;,"from Gududu ,"
130,ki dugeta,from Duge ;,"from Ur-Ḫalmuša ,"
131,ki caramuta,from Šara-amu ;,"from Ur-Ḫalmuša ,"
132,ki lugalcunireta,"from Lugal-šunire ,","from Ur-Ḫalmuša ,"
133,ki ceckalata,from Šeškala ;,"from Šeškalla ,"
134,ki ursudata,from Ur-Suda ;,"from Ur-Ḫalmuša ,"
135,ki guzanata,from Guzana ;,"from Ur-Ḫalmuša ,"
136,ki buduta,from Budu ;,"from Ur-Ḫalmuša ,"
137,ki albaniduta,from Albanidu ;,"from Ur-Ḫalmuša ,"
138,ki UCta,from UŠ ;,"from Ur-Ḫalmuša ,"
139,ki akicarta,from Akišar ;,"from Ur-Ḫalmuša ,"
140,cuGIRbi NUMB sila,its šuGIR : NUMB sila3 ;,"NUMB , NUMB sila3 ,"
141,NUMB sila i magura,NUMB sila3 ( butter ) oil for “ Barge ; ”,"NUMB sila3 good oil ,"
142,cunigin NUMB sila NUMB gin inun gur,"total : NUMB sila3 NUMB shekels butter oil ,","total : NUMB sila3 , NUMB shekels ,"
143,cunigin NUMB sila NUMB gin gaUD@g gur,"total : NUMB sila3 NUMB shekels kašk cheese ,",total : NUMB sila3 NUMB shekels each ;
144,NUMB sila ga gazi,"NUMB sila3 sumac-cheese ,","NUMB sila3 big-cheese ,"
145,giri urcakkan,via Ur-Šakkan ;,"via Lu-Ḫurim ,"
146,NUMB sila gacea gur,"NUMB sila3 yellowed milk ,",NUMB sila3 salt
147,giri kas,via Kas ;,"via Kas ,"
148,ziga bala,booked out of the bala ( obligation ),booked out of the bala ;
149,mu amarsuen lugale urbilum muhul,"of the year : “ Amar-Suen , the king , destroyed Urbilum ; ”","year : “ Amar-Suen , the king , Urbilum destoyed . ”"
150,NUMB sila ga gazi,"NUMB ban NUMB sila3 sumac-cheese ,","NUMB sila3 big-cheese ,"
151,NUMB sila gaUD@g,"NUMB ban3 NUMB sila3 kašk cheese ,","NUMB lamb of Ṣelli-Šulgi ,"
152,ziga bala mu ku guza enlila badim,booked out of the bala ( obligation ) of the year : “ the silvery chair of Enlil was fashioned ; ”,the royal ankara-weapon
153,NUMB mana NUMB gin kubabbar,NUMB mana NUMB shekel silver,"NUMB mana NUMB shekels silver ,"
154,ara NUMB,"the first time ,",the ordNUMB time ;
155,NUMB mana NUMB gin ku,NUMB mana NUMB shekels silver,"NUMB mana NUMB shekels silver ,"
156,ara NUMB,"the second time ,",the ordNUMB time ;
157,giri lukala,"via Lukala ,","via Lukalla ,"
158,giri urcara caduba,"via Ur-Šara the chief accountant ,","via Ur-Šara , the archivist ;"
159,NUMB gin NUMB ce ku,NUMB shekels NUMB grains silver,"NUMB shekels … grains of silver ,"
160,giri luzabala,"via Lu-Zabala ,",via the might ;
161,sag nabi NUMB gin NUMB ce ku,"its “ ( scales ) stone overhead ” : NUMB shekel NUMB grains silver ,",all the persons : NUMB
162,inunbi NUMB sila NUMB gin gur,its butter oil : NUMB sila3 NUMB shekels ;,"NUMB sila3 , NUMB shekels ,"
163,sadu ara NUMB,"first sadu-allotment ,",regular offerings for the ordNUMB time ;
164,sadu ara NUMB,"second sadu-allotment ,",regular offerings for the ordNUMB time ;
165,NUMB gacea gibilce,"NUMB yellowed milk … ,","NUMB šerrum gypsum ,"
166,kacdea lugal ummace gena,"beer festival when the king went to Umma ,","Beer ceremonty to Nippur , in bala ,"
167,kicibi NUMB,"their sealed documents : NUMB ,","the sealed tablets are NUMB ,"
168,ugu lukala gagadam,to be entered to the debit account of Lukala ;,into the deficit of Lukalla placed ;
169,kicib lukala,"under seal of Lukala ,",under seal of Lukalla ;
170,ugu ure gagadam,to be entered to the debit account of Ur-e'e ;,on the deficit ledger of Ur-e’e set ;
171,NUMB sila NUMB gin inun gur,"NUMB sila3 NUMB shekels butter oil ,","NUMB sila3 NUMB shekels ,"
172,NUMB gacea gur,"NUMB yellowed milk ,","NUMB , Ur-Numušda ,"
173,kicib urculpae,under seal of Ur-Šulpa'e ;,under seal of Ur-Šulpa’e ;
174,cunigin NUMB sila NUMB gin ga gazi gur,"total : NUMB sila3 NUMB shekels sumac-cheese ,","together : NUMB sila NUMB shekels of oil ,"
175,gaUD@gbi NUMB sila NUMB gin,"its kašk cheese : NUMB sila3 NUMB shekels ,","the lamb : NUMB sila3 NUMB shekels ,"
176,cunigin NUMB gaUD@g gur,"total : NUMB sila3 kašk cheese ,","total : NUMB stallion ,"
177,cunigin NUMB sila gacea gur,"total NUMB sila3 yellowed milk ,","total : NUMB sila3 , Šeš-dada ,"
178,inunbi NUMB sila NUMB gin,"its butter oil : NUMB sila3 NUMB shekels ,","the lamb : NUMB sila3 NUMB shekels ,"
179,gaUD@gbi NUMB sila NUMB gin,its kašk cheese : NUMB sila3 NUMB shekels ;,"the lamb : NUMB sila3 NUMB shekels ,"
180,laia NUMB sila NUMB gin inun gur,"the deficit : NUMB sila3 NUMB shekels butter oil ,","the deficit : NUMB sila3 NUMB shekels ,"
181,nigkak inun gar,account of butter oil and kašk cheese of,"in place of Amar-Suenītum canal ,"
182,atu cuc,"Atu , the chief cattle manager ;","Atu , cattle manager ,"
183,mu ku guza enlila badim,year : “ The silver-chair of Enlil was fashioned . ”,year : “ silver-chair of Enlil was fashioned . ”
184,nin ku nuna,"Ninkununa ,",Ninkununa
185,lusaizu,"Lu-sa-izu ,",of Lu-sa-izu
186,icib ana,"the incantation-priest of An ,","the priest of An ,"
187,gudu cu dadag,the priest with pure hands,gudu daughter received ;
188,u dingir galgalene,"and all the great gods ,","the god of the gods ,"
189,kiag,as NUMB beloved,beloved
190,sipa kalamace,"the shepherd of the country ,","as the shepherd of his country ,"
191,u bad martu,when the Mardu wall,and in the it was decreed ;
192,muriq,( named ) That Which Keeps Distant,"say ,"
193,tidnim,"the Tidnum ,","say ,"
194,mudua,"he had built ,",he built
195,u ne martu,and the forces of the Mardu,"and Puzrum-Ninkarke , repayments ,"
196,madane,to his own land,"say ,"
197,bingia,"he had sent back ,","say ,"
198,e cage pada,"the Temple Chosen by the Heart ,",the house of Ir-Nanna .
199,NUMB acgar niga saga us,"NUMB female kid , grain-fed , fine , second ( quality ) ,","NUMB female kid , barley-fed , of ordNUMB grade ,"
200,NUMB ud,"NUMB nanny ,","NUMB goat doe goat ,"
201,ki cumamata,from Šu-Mama,"from Ur-Ḫalmuša ,"
202,NUMB ninda gid NUMB kuc dagal ihi NUMB kuc sukud,"( Pise wall : ) NUMB ninda the length , NUMB cubits the average width , NUMB cubits the depth ;",NUMB ninda long cubits of … : NUMB sar per wall ;
203,NUMB nindana NUMB sarta,"per ( running ) ninda NUMB ( volume ) sar ,","NUMB figs , NUMB sar ,"
204,kinbi NUMB sar,work involved : NUMB ( volume ) sar ;,"NUMB : Nin-hegal ,"
205,guruc NUMB gin NUMB ceta,per worker ( day ) : NUMB ( volume ) shekels ;,"NUMB male laborers , NUMB shekels each ,"
206,guruc NUMB ani NUMB silata,disbursement per workerday : NUMB sila3 ( barley ) ;,NUMB Workmen ; NUMB sila3 ;
207,cebi NUMB sila gur,the barley : NUMB sila3 ;,the barley : NUMB sila ;
208,lu hungame,they are hired men ;,"the man who turned her ,"
209,NUMB ninda gid NUMB kuc dagal NUMB kuc sukud,"( Pise wall : ) NUMB ninda the length , NUMB cubits the width , NUMB cubits the depth ;","NUMB ninda long …-hides , NUMB cubits per width ;"
210,kinbi NUMB sar NUMB gin,work involved : NUMB ( volume ) sar NUMB ( volume ) shekels ;,"NUMB sar NUMB shekels of soil ,"
211,gantucme,they are gantuš ;,"say ,"
212,im dua gida,"pisé wall construction , drawn long ,",tablets of the stall
213,kiri babainimsisa,in the orchard of Baba-inim-sisa ;,orchard of auda .
214,ca garcumka,of Garšum ;,"in Tummal ,"
215,giri urbaba dumu cabrae,"responsible : Ur-Baba , son of the household manager ,","via Ur-Baba , son of Gu-dun ;"
216,lugalmusuda,"Lugal-musuda ,","say ,"
217,u lugalbaba dumu urlamma,and Lugal-baba son of Ur-Lamma ;,"and Geme-Enlil , son of Ur-Lamma ,"
218,mu ibisuen lugal,the year : “ Ibbi-Suen is king . ”,year : “ Ibbi-Suen is king . ”
219,NUMB udu niga inanna unu,"NUMB barley-fed sheep ( for ) Inanna of Uruk ,","NUMB sheep , barley-fed , for Inanna of Uruk ,"
220,giri lugalimah sagi,"via Lugalimah , cupbearer ;","via Bilila , the fattener ;"
221,NUMB udu ce NUMB sila ga,"NUMB barley-fed sheep , a milk-fed lamb","NUMB sheep , NUMB lambs , NUMB lambs ,"
222,ictaran,"( for ) Ištaran ,","say ,"
223,nuhidingirum mackim,"from Nuhi-ilum , the deputy ;","Rizi-ilum , responsible official ;"
224,NUMB sila ga nanna,"NUMB milk-fed lamb ( for ) Nanna ,","NUMB suckling male lambs ,"
225,eranada mackim,"from Erranada , the deputy ;","Rizi-ilum , responsible official ;"
226,siskur ca egal,an offering in the palace ;,"siskur-offering in the house ,"
227,NUMB macgal niga ilidagan,"NUMB barley-fed large-goat , from Ili-Dagan ,","NUMB buck , barley-fed , from the frontier ;"
228,lu ebla,man of Ebla ;,the man who
229,NUMB macgal niga,"NUMB barley-fed large-goat ,","NUMB full-grown billy , grain-fed ;"
230,budur lu urcu,"from … , man of Uršu",a person who
231,NUMB macgal niga nagizu lu kingia ca X,"NUMB large barley-fed goat , Nagizu , messenger from Ar-…","NUMB bucks , barley-fed , for Guraya , man of Tirgu ,"
232,giri lugalinimgina,via Lugalinimgina ( and ),via Lugal-inim-gina ;
233,ARADmu ugula kas,"ARAD-mu , overseer of the messengers ;","foreman : Nin-hegal ,"
234,iti u NUMB bazal,"ff the month , NUMB days have passed ,","of the month , the ordNUMB day passed ;"
235,ki ahunita bazi,"booked out of ( the account of ) Ahuni ,","from ( the account of ) Aḫuni booked out ,"
236,iti sesdagu,"month : “ Eating piglets , ”","month : “ Piglet feast , ”"
237,mu amarsuen lugal,year : “ Amar-Suen became king . ”,year : “ Amar-Suen is king . ”
238,lugal kiengi ki uri,king of Sumer and Akkad .,"in the king of Ur and the Ekur ,"
239,bizu,for Bizu ;,"say ,"
240,dingirsukkal,for Dingir-sukkal ;,"for Dingir-sukkal ,"
241,nurickur,for Nūr-Adda ;,"to Abī-abiḫ ,"
242,nigbaba,for Nig-Baba ;,"To Ninšubur ,"
243,mu cusuen lugal urimake ma darabzu enkika bindu,"year : “ The Shu-Suen , king of Ur , the boat ( named ) ‘Ibex-of-Abzu’ caulked . ”","year : “ Šu-Suen , king of Ur , Great-barge of Enlil erected . ”"
244,ninmar,"To Ninmar ,",For Ninmar
245,nin munusgilsa,"the queen of the Munus-gilsa temple ,","the queen of the boundary marker ,"
246,enmeziana,"( whose second name is ) En-mezi-ana ,","( whose second name is ) Enmeziana ,"
247,en kiag nanceka,"( and also ) the beloved high priest of Nanše ,","beloved en-priest of the Daga ( ? ) ,"
248,NUMB mac,"NUMB billy ,","NUMB male goat ,"
249,intaea,did Intae’a,Intaea
250,im namcatam,"tablets official ,","wet tablets ,"
251,ugula NUMB,foremen of the NUMB ( -man ( labor- ) troops ) of,"the foreman : NUMB ,"
252,daumma,"Da’umma ,","in Da-Umma ,"
253,apisal,"Apisal ,","in Apisal ,"
254,u mucbian,and Mušbiana,and Puzrum-Ninkarke
255,mu urbilum u mu kimac,year : “ Urbilum and Kimaš were destroyed . ”,year : “ Urbilum and Kimaš were destroyed . ”
256,endimgig,"of Endimgig ,","say ,"
257,gilgamese,May Gilgameš,"say ,"
258,kicib didli X,"sealed documents , varied , … ,","various sealed documents , … ,"
259,e luginata dea,"from the house ( ? ) of Lugina delivered ,","the house of cut ,"
260,dumu urgigir,son of Ur-gigir,son of Ur-Gigir .
261,ki lu muhaldimta,"from Lu'u , the cook ,","the man of Anza ,"
262,lukala,Lukalla,for Lukalla ;
263,iti amarasi,"month : “ amar-ayasi , ”",month : “ Amar-ayasi . ”
264,mu enmahgal nanna bahun,year “ Enmaḫgal of Nanna was installed . ”,year : “ The priestess of Nanna was installed . ”
265,laia NUMB ce gur,"the deficit : NUMB ,","the deficit : NUMB , NUMB barley ,"
266,aca dalbana,field Dalbana ;,at the field Booted-oxen ;
267,diri NUMB gur,the surplus : NUMB,surplus : NUMB
268,aca igi eamar,field before E-amar ;,covers the field Nin-nigerime ;
269,laia NUMB gur,the deficit : NUMB,"the deficit : NUMB , NUMB ;"
270,aca edurubazi,field Village-bazi ;,field Akišaḫ ;
271,NUMB GAN,NUMB ( esze3 ) NUMB ( iku ) GAN2,NUMB field area :
272,aca abila,field Ab-illa ;,field Akišaḫ ;
273,cunigin NUMB GAN,"total : NUMB field surface ,",total : NUMB surface ;
274,ugula cuea,"foreman : Šu-Ea ,",foreman : Šu-Ea ;
275,NUMB ku gabIL,NUMB gabIL fish baskets ;,"NUMB fish of copper ,"
276,NUMB guruc u NUMB ma mucen,"NUMB workdays , male laborers , barge of the birds ;","NUMB workdays , boat unloaded ."
277,NUMB guruc u NUMB ziga didli,"NUMB workdays , male laborers , various “ booked-outs ” ;","NUMB workdays , male laborers , various sheep ,"
278,mu NUMB,ordNUMB year ;,"( a period of ) NUMB year ,"
279,NUMB ku nun saga,"NUMB nun-fish , good quality ;","NUMB sheep , cutting , good quality ,"
280,ku diri nudab,surplus fish not taken ;,"silver , silver of the captives ;"
281,albanidu,Albanidu,"Albanidu ,"
282,iti ezemculgi,"from month : “ Festival of Šulgi , ”",month “ Festival-of-Šulgi ; ”
283,iti ezembaba,"to month : Festival of Baba , ”","month : “ Festival of Baba , ”"
284,mu karhar ara NUMB bahulce,year : “ Karḫar for the ordNUMB time was destroyed . ”,"year : “ Karhar for the ordNUMB time was destroyed , ”"
285,NUMB gu cugid,"NUMB oxen , šugid-type ,","NUMB talents ,"
286,enlila,Enlila,of Enlil .
287,mu en eridu bahun,year : “ The high priest of Eridu was installed . ”,year : “ The high-priestess of Eridu was hired . ”
288,nance,To Nanše,"For Nanše ,"
289,nincagepada,For Ninšagepada,"say ,"
290,abi u NUMB,"the labor : NUMB days ,",labor involved : NUMB days ;
291,ada guba,"at the water ( works ) stationed ,","stationed , stationed ,"
292,aca amarkici,"the field “ Amar-kiši , ”",field Akišaḫ ;
293,aca muru,"the field “ Center , ”",at the field Muru ;
294,aca i lugalka,"the field “ Royal waterway , ”","the field of Ur-Namma ,"
295,adea,"water poured ,","Kubātum ,"
296,ka i eka kura,"intake of the out-waterway cut off ,","… , mace , at his feet ,"
297,ka i eta,from the intake of the out-waterway,"… the legal canal ,"
298,aca amarkici X cura,to field “ Amar-kiši ” … leveled ;,"the surface of the … field ,"
299,ugula X X,"foreman : … ,","foreman : Lugal-… ,"
300,kicib egalesi,"under seal of Egalesi ,",sealed by Egalesi ;
301,mu usa cusuen lugale bad martu mudu,"year following : “ Šu-Suen , the king , Martu wall erected . ”","year after : “ Šu-Suen , the king , the Amorite wall erected . ”"
302,dumu lubaba,son of Lu-Baba .,son of Lu-Baba ;
303,X,of …-abba,"Ur-Gal-… ,"
304,eneru,enuru :,"say ,"
305,muce kurmucta KA namgi,The snake from snake mountain indeed called .,"Urkeš , Mukiš … ;"
306,meTAR an kika,The lizard of heaven and of earth,"x-agazi , Abarnum ,"
307,eme baniak,licked .,"of those powerful ,"
308,dumu meTAR an ki NUMB,"The sons of the lizard , heaven and earth , are NUMB .",", ‘born with NUMB ,"
309,pu lilam idu,The well like wind it made .,"Nig-ul-pa’e , doorman ,"
310,a lilam inde,Water like wind he poured out .,labor of the wintertime of the bala’s
311,gug lilam zabi ibdab,Grass like wind its right encircled .,"The The population , … ,"
312,gugbi gabuni,"Its grass , his left","x-agazi ,"
313,mubze,it tore out .,"say ,"
314,X cu umagi,Then his … held firm .,"… , … ,"
315,X X zu helae,… the ( snake’s ) fang may he bind .,"… , Mukiš , Duduli ."
316,tutu abzu eriduga asarluhi dumu eriduke,"The incantations ( ? ) of the Abzu of Eridu of Asalluhi , son of Eridu :",to accomplish the maternal Canal to Umma . .
317,namudabure,may they not be undone .,"say ,"
318,nisaba,"Nisaba ,","To Nisaba ,"
319,munuszi,"the righteous woman ,","say ,"
320,munus saga,the beautiful woman .,"the beautiful woman ,"
321,adakala,"Addakala ,",Agi
322,musar,"wrote ,","say ,"
323,igiza hensa,( so that ) in your eyes he indeed pleased .,he strewed like seeds .
324,bala saga,Good bala .,"bala of good bala ,"
325,urama,"Ur-amma ,",Uramma ;
326,dumu nasilim,"son of Nasilim ,",son of Nasilim .
327,mu didli ceba,"various years , barley rations ,","various years , various ,"
328,ce erina,barley of the ( labor- ) troops,barley of the work-troops ;
329,u cabi suga,"and therefroms , restitutions ,","and therefroms , restitutions ,"
330,nigka ceka,"accounts of barley ,","accounts of soil ,"
331,mu cusuen lugal urimake madarabzu enkika bindu,"year : “ By Šu-Suen , king of Ur , the boat ‘Ibex-of-Apsu’ of Enki was caulked . ”","year : “ Šu-Suen , king of Ur , Ma-dara-apsu fashioned . ”"
332,dumu nasa kurucda,"son of Nasa , the fattener ,","son of Nasa , fattener ."
333,ekur,"the Ekur ,",and the kingship
334,iti X,"month : “ . . , ”","month “ … , ”"
335,kicib daba gi,"sealed documents of dab , reed ,","sealed documents of conveyances of Lugal-me’a ,"
336,ARADeb,"ARAD-eb ,","say ,"
337,GAN urgigir cabra,"land parcel of Ur-gigir , the chief administrator ;","fields , the chief household administrator ,"
338,GAN urgigir nubandagu,"land parcel of Ur-gigir , oxen manager ;","land of Ur-gigir , oxen manager ;"
339,GAN lugalgue,land parcel of Lugal-gue ;,field Hillock-of-Šara ;
340,gi zea gi kua u hirina zea,"reed uprooted , reed cut and hirin-weed uprooted ;","read of reed , staying and lapis plants offerings punted ,"
341,aca agectina,field “ A-geština ; ”,field Akišaḫ ;
342,ugula lugirizal,foreman : Lu-giri-zal ;,"foreman : Lu-girizal ,"
343,kicib ceckala dumu dada,"under seal of Šeškalla , son of Dada ;",under seal of Šeškalla son of Dada ;
344,iti cunumun,month : month “ Sowing ; ”,month : “ Sowing ; ”
345,mu enmahgalana nanna bahun,year : “ Enmaḫgalana of Nanna was installed . ”,"year : “ Enmaḫgalana , en was installed . ”"
346,lugalniglagare,"Lugal-nig-lagare ,","Lugal-nig-lagar-e ,"
347,NUMB sila lal,"NUMB sila3 date syrup ,","NUMB lamb of Ṣelli-Šulgi ,"
348,NUMB amarsag uztur,"NUMB a . -ducklings ,","NUMB foot-stool of fig-tree trees ,"
349,NUMB kuda,"NUMB k . ,",NUMB ( workman ) : Lu-Damu .
350,kubi NUMB gin la NUMB,its silver : NUMB shekel NUMB ;,its silver : NUMB ( mana ) NUMB shekels NUMB
351,NUMB pecgecgi,"NUMB bandicoot rats ,","NUMB PAda ,"
352,kubi NUMB ce,their silver : NUMB ( shekel ) NUMB ( ? ) grains ;,it silver : NUMB grains ;
353,NUMB amarsag uga,"NUMB a . -crow ,","NUMB foot-stool of tamarisk ,"
354,NUMB ku kunzi saga,"NUMB reservoir fish , fine quality ,","NUMB silver of good quality ,"
355,kubi NUMB gin NUMB ce,"their silver : NUMB shekels NUMB , NUMB grains ;",its silver : NUMB shekel NUMB grains ;
356,nesag enlila,"“ first fruits ” of Enlil ,","and Anshan ,"
357,kicib halulu,under seal of Ḫalulu ;,"under seal of Aramu ,"
358,mu e puzurdagan,year : “ Puzriš-Dagan . ”,"year : “ The house of Puzriš-Dagan , ”"
359,lugalezem dubsar,"Lugal-ezem , the scribe ,","Lugal-ezem , the scribe ;"
360,cabra,the chief household manager .,"household manager ,"
361,hepi X,"( Royal name ) broken ,",the god …
362,X,the king,"Ur-Gal-… ,"
363,X puzurecdar,son of Puzur-Eštar,"… , Utu-Lagaš-gal ,"
364,ina mahri,before,"x-agazi ,"
365,i,the Divine River,"the Divine River ,"
366,mactaba,"the Twin Gods ,","say ,"
367,u ictaran,"and Ištaran ,",and Puzrum-Ninkarke
368,i,"The Divine River ,","the Divine River ,"
369,ictaran,"Ištaran ,","say ,"
370,u mactaba,"and the Twin Gods ,",and Puzrum-Ninkarke
371,lilqutu,may they pluck up,"say ,"
372,adi sidarkicu,as far as his …,"x-agazi ,"
373,kima pi X X ca ina sipar,According to the wording of an old stone stela which in Sippar,"… , … , at the basket of Auda heart ,"
374,NUMB remutum X X NUMB X,"Rēmũtum , the junior scribe , ( son of ) Su-… ,",… NUMB …
375,"us,abima isuh",examined and excerpted .,"x-agazi ,"
376,ki enuga urima,the place of the watch in Ur,"in Ur ,"
377,ki enugaba,This place of the watch :,"from Ur-Ḫalmuša ,"
378,kiag nanna,Is the Beloved of Nanna,"beloved by Nanna ,"
379,NUMB zi sig gur lugal,"NUMB rough flour , royal ( measure ) ,","NUMB rough ground flour ,"
380,NUMB dabin gur,"NUMB dabin-flour ,","NUMB , NUMB , NUMB dabin flour ,"
381,kicib uludi,under seal of Uludi ;,"under seal of Ur-kigula ,"
382,NUMB sila dabin gur,"NUMB sila3 dabin-flour ,","NUMB sila3 barley flour ,"
383,kicib luninmar dumu duga,"under seal of Lu-Ninmar , son of Duga ;","NUMB ( gur ) Lugal-girizal , son of Adaga ;"
384,cunigin cebi NUMB sila gur,"total , its barley : NUMB sila3 ,","total , its barley : NUMB sila3 ;"
385,abi NUMB geme u NUMB,"its labor : NUMB workdays , female laborers ;","the labor : NUMB , NUMB workdays , female laborers ;"
386,NUMB ziz gur kicib lutu ugula kikken,"NUMB emmer , under seal of Lu-Utu , foremen of the mill ;","NUMB emmer , foreman : Imid-Ištar , foreman of the runners ;"
387,NUMB ce gur kicib urigalim ugula kikken,"NUMB barley , under seal of Ur-Igalim , foreman of the mill ;","NUMB barley , under seal of Ur-bagara , foreman of Lu-saga ;"
388,giri luninmar dumu duga,"via Lu-Ninmar , son of Duga ;","via Nur-Adad , son of the queen ;"
389,kicib urnigar,under seal of Ur-nigar ;,under seal of Ur-nigar .
390,NUMB ce gur anebadu nar,"NUMB barley , Annebadu , the cantor ,","NUMB barley , deficit of the runners ;"
391,NUMB ce gur kicib ceckala,"NUMB barley , under seal of Šeškalla ,","NUMB barley , under seal of Šeškalla ,"
392,cunigin NUMB sila ce ziz gur,total : NUMB sila3 barley and emmer,total NUMB ban NUMB sila emmer ;
393,laia NUMB sila ce gur,"the deficit : NUMB sila3 barley ,",deficit : NUMB sila3 barley ;
394,laia NUMB gin la NUMB ce ku a zidaka,"the deficit : NUMB shekels NUMB grains silver , labor of flour ;","the deficit : NUMB shekels NUMB grains silver ,"
395,nigkak kala,account of KAla’a :,"accounts of the fields ,"
396,uludi dumu habanzizi,"Uludi , son of Ḫabanzizi ;","son of Ur-kigula , son of Baya ;"
397,mu usa e puzuricdagan badu,year after : “ The house Puzris-Dagan was erected . ”,year following : “ The house of Puzriš-Dagan was built . ”
398,lunincubur,"Lu-Ninšubur ,",of Lu-Ninšubur
399,ce irisarigta,grain from Irisagrig ( ? ),"in barley exchanged ,"
400,ugula ala,"foreman : Alaya ,",foreman : Alla ;
401,kicib urmes,under seal of Ur-mes ;,unders seal of Urmes ;
402,dumu ursuen,son of Ur-Suen .,"son of Ur-Suen ,"
403,musaraba,( A person who ) this inscription,and this inscription
404,muni,and his name ( shall write on it ),and his own name
405,gurumak erina,"inspection of the worktroops ,","inspection of the ( labor- ) troops ,"
406,girisega guapina,"personnel of the plow-oxen ,",personnel of the inscriptions
407,guapin etur udu namenitala,"plow-oxen , stall , rams of … ,","plow-oxen , sheep , sheep of the mašdaria-delivery ,"
408,ki cunamugita,from Šunamugi,"from Ur-Ḫalmuša ,"
409,lunincubur idab,did Lu-Ninšubur accept ;,of Lu-Ninšubur accepted ;
410,giri urnigar caduba,"via Ur-nigar , chief accountant ,","via Ur-nigar , cattle manager ;"
411,u urbaba dubsar,"and Ur-Baba , scribe ,","and Ur-Baba , the scribe ;"
412,mu en nanna karzida bahun,"year : “ en ( -priestess ) of Nanna of Karzida was installed , ”",year : “ The high-priestess of Nanna in Karzida was hired . ”
413,X i ukim,… ukim ;,"… counted ,"
414,X iduga adu,"… fine oil , Adu","… Adda-kal , the scribe ;"
415,nubanda,the nubanda ;,the overseer
416,X luazida,… Lu-azida .,"…-la , Abarnum ,"
417,nigkak kuc,accounts of leather,account of the NUMB herder .
418,u kicib dababi,"and sealed documents of their dab ,",and sealed tablets of Habamu
419,lunamanka,"Lu-namanka ,","say ,"
420,NUMB sila NUMB gin gu hia gur,… NUMB sila3 NUMB shekels various pulses ;,"NUMB sila3 NUMB shekels of ox ,"
421,NUMB gin celu,… shekels coriander ;,"NUMB shekels ,"
422,NUMB sila gamun,… NUMB ? sila3 cumin ( ? ) ;,"NUMB sila3 ghee ,"
423,NUMB sila NUMB gin cezibitum,… NUMB sila3 NUMB shekels še-zibītum spice ;,NUMB sila3 NUMB shekels of tallow ;
424,gu balabi NUMB sila NUMB gin,its bala pulse : NUMB ( ? ) sila3 NUMB shekels ;,"the bala : NUMB various oxen , NUMB shekels ,"
425,NUMB sila NUMB gin gutur usa,"NUMB sila3 NUMB shekels roughly crushed small pulses ,","NUMB lambs NUMB shekels NUMB shekels each ,"
426,gu balabi NUMB sila,its bala pulse : NUMB sila3 ;,"the bala , NUMB sila ,"
427,NUMB sila NUMB gin gamun gaz,"NUMB ( ? ) sila3 NUMB shekels crushed cumins ,","NUMB sila3 NUMB shekels ES-bitumen ,"
428,gamun balabi NUMB sila NUMB gin,its bala cumin : NUMB ( ? ) sila3 NUMB shekels ;,the workmen : NUMB shekels ;
429,NUMB X X gamun,… cumin ;,… NUMB . . ;
430,NUMB cezibitum,… še-zibītum spice ;,"NUMB PAda ,"
431,NUMB celu gaz,"… crushed coriander ,","NUMB fine of coriander ,"
432,celu balabi NUMB sila NUMB gin,its bala coriander : NUMB ( ? ) … sila3 NUMB shekels ;,"its bala : NUMB sila3 NUMB shekels ,"
433,NUMB celu,… coriander ;,"NUMB , NUMB of coriander ,"
434,NUMB sila NUMB gin gazi gaz,"NUMB sila3 NUMB ( ? ) shekels crushed sumac ,","NUMB sila3 NUMB shekels of pickaxing , “ old ” ,"
435,gazi balabi NUMB sila NUMB gin,its bala sumac : NUMB sila3 NUMB shekels ;,"its bala : NUMB sila3 NUMB shekels ,"
436,NUMB gin gazi,… shekels sumac ;,NUMB shekels of suhe ;
437,NUMB sila NUMB gin mun,… NUMB ? NUMB ? sila3 NUMB shekels salt ;,"NUMB sila3 NUMB shekels of oil ,"
438,X mana sig mun,… mana brick salt ;,… NUMB …
439,X X NUMB gin cezibitum,… NUMB shekels še ? -zibītum ? spice ;,… NUMB shekels …
440,gamun balabi X NUMB sila,its bala cumins : … NUMB sila3 ;,"its bala : NUMB sila3 ,"
441,NUMB sila celu gaz,"NUMB sila3 crushed coriander ,","NUMB sila3 ES-bitumen ,"
442,celu balabi NUMB sila,its bala coriander : NUMB sila3 ;,"its bala : NUMB sila3 ,"
443,NUMB sila gazi gaz,"NUMB sila3 crushed sumac ,","NUMB lambs of kašk-cheese , “ beer-pouring ” ,"
444,gazi balabi NUMB,its bala sumac : NUMB ;,its bala : NUMB ;
445,NUMB sila mun gur,NUMB sila3 salt ;,"NUMB sila3 spelt ,"
446,NUMB sila numun zahili,( and ) NUMB sila3 cress seed ;,"NUMB lambs of kašk-cheese ,"
447,sadu kura,"regular provisions , cut ;","regular offerings of the palace ,"
448,ca urima,in/of Ur ;,in Ur .
449,cunigin X NUMB sila X gin gu hia gur,total : … NUMB sila3 … shekels various pulses ;,"total : NUMB sila3 beer , NUMB sila3 beer ,"
450,cunigin NUMB sila X X gamun gur,total : NUMB sila3 x of cumin ;,"total : NUMB sila3 , NUMB ,"
451,cunigin NUMB sila NUMB gin celu gur,total : NUMB 1ban2 NUMB sila3 NUMB shekels coriander ;,"total : NUMB sila3 , NUMB shekels ,"
452,cunigin NUMB X X X X gur,total : NUMB ( ? ) gur NUMB … ;,"total : … total : NUMB ,"
453,NUMB cezibitum,NUMB of še-zibītum spice ;,"NUMB PAda ,"
454,NUMB sila gamun,NUMB … NUMB sila3 cumins ;,"NUMB sila3 ghee ,"
455,NUMB numun zahili,NUMB of cress seed ;,"NUMB piglet , ša3-ga-du3 ,"
456,NUMB sila kumul,( and ) NUMB sila3 ku-mul spice ;,"NUMB lamb of Ṣelli-Šulgi ,"
457,sadu lugal,regular provisions ( for ) the king,regular offerings of the king ;
458,u ziga nigdiri,"and booked-outs , additional ,","and credits of the NUMB elder women ,"
459,ca nibru,in/of Nippur ;,in Nippur ;
460,NUMB sila gugal ara,NUMB sila3 ground big pulses ;,"NUMB sila3 fine sesame seeds ,"
461,NUMB sila gutur usa,NUMB sila3 roughly crushed small pulses ;,"NUMB male lambs ( from ) Geštinana-ama-lugal , the following ,"
462,NUMB sila zi gugal,NUMB sila3 big pulses flour ;,"NUMB sila3 good flour ,"
463,NUMB sila gugal,NUMB sila3 big pulses ;,NUMB lamb of Burmama ;
464,NUMB sila gamun gaz,NUMB sila3 crushed cumin ;,"NUMB sila3 ES-bitumen ,"
465,NUMB sila celu gaz,NUMB sila3 crushed coriander ;,"NUMB sila3 ES-bitumen ,"
466,NUMB sila gazi gaz,NUMB sila3 crushed sumac ;,"NUMB lambs of kašk-cheese , “ beer-pouring ” ,"
467,sadu ca urima,"regular provisions in/of Ur ,","regular regular ration in Ur ,"
468,ziga lugal,royal withdrawal ;,booked out for the king ;
469,cunigin X gugal,total : … big pulses ;,"total of Nin-ura ,"
470,cunigin NUMB sila gamun gaz,"total : NUMB sila3 crushed cumin ,","total : NUMB sila3 ES-bitumen ,"
471,gamun balabi NUMB sila,its bala cumin : NUMB sila3 ;,"the bala : NUMB sila3 ,"
472,cunigin NUMB gamun,total : NUMB cumin ;,"total : NUMB shekels oil ,"
473,cunigin NUMB sila celu gaz gur,"total : NUMB sila3 crushed coriander ,","total : NUMB ban NUMB sila eša flour ,"
474,cunigin NUMB celu gur,total : NUMB coriander ;,"total : NUMB sesame oil ,"
475,cunigin NUMB sila NUMB gin gazi gaz,"total : NUMB sila3 NUMB shekels crushed sumac ,","together : NUMB sila3 NUMB shekels of raisins ,"
476,cunigin NUMB gazi gur,total : NUMB sumac ;,"total : NUMB stallion ,"
477,cunigin NUMB cezibitum,total : NUMB of še-zibītum spice ;,"total : NUMB stallion ,"
478,cunigin NUMB sila ukur,total : NUMB sila3 u2-kur spice ;,"total : NUMB sila3 of Ṣelli-Šulgi ,"
479,cunigin NUMB sila numunzahili,total : NUMB sila3 cress seed ;,"total : NUMB sila3 of Ṣelli-Šulgi ,"
480,cunigin NUMB sila mun gur,total : NUMB sila3 salt ;,"total : NUMB sila3 big-cheese ,"
481,diri X gamun NUMB,surplus : … cumin at NUMB each ;,"surplus : NUMB … ,"
482,diri NUMB sila cezibitum NUMB,surplus : … NUMB sila3 še-zibītum spice at NUMB each ;,"surplus : NUMB sila of Ṣelli-Šulgi ,"
483,diri NUMB sila NUMB gin mun NUMB gurta,"surplus : NUMB sila3 NUMB shekels salt , at NUMB each ,","surplus : NUMB sila NUMB shekels each , each NUMB each ;"
484,gubi NUMB sila NUMB gin gur,"its pulses : NUMB sila3 NUMB shekels ,","NUMB sila3 , NUMB shekels ,"
485,diri laia gua,the surplus the deficit having ‘consumed’ ;,"surplus of the ( labor- ) troops , manager ,"
486,laia NUMB sila gu hia,"deficit : NUMB sila3 various pulses ,","deficit : NUMB male lamb , sucking ,"
487,NUMB sila NUMB gin celu,"NUMB sila3 NUMB shekels coriander ,","NUMB sila3 NUMB shekels of suhe ,"
488,NUMB sila NUMB gin gazi gur,"NUMB sila3 NUMB shekels sumac ,","NUMB sila3 NUMB shekels each ,"
489,NUMB sila ukur,"NUMB sila3 u2-kur spice ,","NUMB lamb of Ṣelli-Šulgi ,"
490,NUMB sila NUMB gin numun zahili,"NUMB sila3 NUMB shekels cress seed ,","NUMB sila3 NUMB shekels of Hunum , of the fishermen ,"
491,X NUMB sila NUMB gin kumul,"… NUMB sila3 NUMB shekels ku-mul spice ,",… sila3 NUMB shekels oil ;
492,NUMB sila zizibianum,… NUMB sila3 zizibiānum spice,"NUMB lamb of Ṣelli-Šulgi ,"
493,NUMB mana sig mun,"( and ) … mana brick salt ,","… NUMB mina of bronze ,"
494,laiam,it is the deficit ;,deficit ;
495,nigkak mungazi,account of spices,"accounts of the inscriptions ,"
496,urigalim,"( of ) Ur-Igalim ,","Ur-Igalim ,"
497,iti cesagkuta,"from month “ Harvest , ”",from month “ Harvest ”
498,iti diri cesagkuce,"to the extra month “ Harvest , ”","to extra month “ Harvest , ”"
499,iti NUMB,it is NUMB months .,NUMB months .
500,lugal kalga,the mighty man,"mighty king ,"
501,lu e nanna,the man who the temple of Nanna,the person who the temple of Nanna
502,indua,"built ,",built .
503,niguliake pa munae,"he made an everlasting thing appear resplendently , ( namely )","those made them ,"
504,gaba abkaka,on the sea coast,the god of Lamazatum ;
505,kisara namgaec bisilim,in the … he restored long-distance trade to health,"To the depot of inscribed … ,"
506,ma magan cuna munigi,and returned the boats of Magan to his control .,the boat to the depot of the transversal village
507,lubala,( To ) Lu-balaya :,"say ,"
508,nurickurka,Nur-Iškur,"say ,"
509,cu iba,has been released .,"shall unto distant times ,"
510,dumu urnigar cuc,"son of Ur-nigar , chief livestock administrator .","son of Ur-nigar , cattle manager ."
511,NUMB guruc u NUMB,NUMB laborers for NUMB days,NUMB male laborers for NUMB day
512,ummata dugecikace ma su gida,"from Umma to Dugeši an empty boat towed ,","from Apisal to Irisagrig barge punted ,"
513,u NUMB ce gec ea u ma siga,"for NUMB days barley threshing and in the boat loaded ,","NUMB workday barley , interest-bearing , barge to the river and barge returned ;"
514,u NUMB i salac ma gida,"for NUMB day to the Salla canal boat towed ,","ordNUMB day , in the small helpers"
515,u NUMB ce bala ce bala u gurua imura,"for NUMB days grain unloaded , grain transferred , and silo plastering ;","in E-amara flour transferred , grain of the bala workday ( and ) barley transferred ,"
516,ugula urcakkan,"foreman : Ur-Šakkan ,",foreman : Dudumu
517,kicib urcara,sealed document of Ur-Šara ;,under seal of Ur-Šara ;
518,mu en gaec bahun,year : “ The lord of Ga’eš was installed . ”,year : “ The high-priestess of Ga’eš was hired . ”
519,dumu ceckala,son of Šeškalla .,"son of Šeškalla ,"
520,kicib ra guruma,sealed documents of inspections,"sealed tablet of Enki ,"
521,cabrane,of the chief house administrators,of the chief household administrators
522,ab gu guba,"cows and oxen stationed ,","cows of oxen stationed ,"
523,mu usa en eridu bahunga,year following : “ The en- ( priest ) of Eridu was hired . ”,"year following : “ The en ( -priest ) in Eridu was installed , ”"
524,NUMB udu bargal,"NUMB sheep with fleece ,","NUMB long-fleeced sheep ,"
525,NUMB sila bargal,"NUMB lambs with fleece ,","NUMB lambs of Errēšum ,"
526,NUMB udu barsuga,"NUMB sheep without fleece ,",NUMB fleece-less sheep ;
527,NUMB ud mac hia,"NUMB mixed nanny and billy goats ,","NUMB nanny goat , various ,"
528,lusuen idab,Lu-Suen took ;,did Beli-zu accept ;
529,mu NUMB sikiba geme ucbar,"NUMB years , wool rations of the female weavers ,","fodder of the female weaver ( s ) of the female weaver ( s ) ,"
530,ugula abagula,"foreman Abbagula ,",the foreman Abba-gula .
531,ugula utubae,"foreman Utu-ba’e ,",foreman : Dukra ;
532,ugula kuda,"foreman Kuda ,",foreman : lugal-Niginše ;
533,u eb tuda,"and … ,",and his embankment
534,mu enmahgalana,year : “ Enmaḫgalana . ”,"year : “ Enmaḫgalana , ”"
535,urbaba,"Ur-Baba ,","Ur-Baba ,"
536,dumu ureninnu,"son of Ur-Eninnu ,","son of Ur-Eninnu ,"
537,ca dugan,"in the pouch ,","in the granary ,"
538,ekas ca girsu,"messenger house in Girsu ,",at Girsu .
539,iti ezemdumuzika,"from month “ Festival-of-Dumuzi , ”","month “ Gazelle-Feast , ”"
540,iti ceilace,"to month “ Barley-carried , ”","to month “ Barley-lifted , ”"
541,culgihazir,"to Šulgi-ḫazir ,","say ,"
542,NUMB tug ucbar tur sumun,"NUMB old small “ weaver ” garments ,","NUMB “ ušbar ” garments ( s ) ,"
543,NUMB tug cagadu sumun,"NUMB old šagadu garments ,","NUMB garments , soft , gu2-e3 ,"
544,mu ucbar X,( for ) the … weavers ;,"year : “ En-amgal of … , ”"
545,NUMB tug ucbar tur,"NUMB small “ weaver ” garments ,",NUMB “ ušbar ” garment s .
546,NUMB tug ucbar zu uh,"NUMB “ weaver ” garment , moth-eaten ;","NUMB “ ušbar ” garments ,"
547,mu amarsuen lugale urbilum muhul,"year : “ Amar-Suen , the king , destroyed Urbilum ; ”","year : “ Amar-Suen , the king , Urbilum destoyed . ”"
548,kicib ikala,"under seal of Ikalla ,",under seal of Ikalla ;
549,urcarake bandab,Ur-Šara assumed administrative responsibility for ( them ) .,Ur-Šara weighed .
550,urdingira,for Ur-dingira ;,Zubaga
551,X,for Ur-…-du,"Ur-Gal-… ,"
552,anahili,for Anna-ḫili ;,Anah-ili
553,iti ezem culgi,month : “ Festival of Šulgi . ”,"month “ Akitu , ” Šulgi ,"
554,ig gal elamata,from the great gate of Elam,"the Iturungal canal ,"
555,za cucince,"to the border of Susa ,",on the shoulder of left
556,lugalra,for the king,but the River
557,gu munagigi,they killed many cattle,"oxen of the Euphrates ,"
558,udu munagigi,and killed many sheep .,"sheep , distribution ,"
559,ensiensi elamake,All the governors of Elam,"all the furrows clods Ana-ḫili ,"
560,mucen tecbi nunuz zuhzuhgin,like birds stealing eggs together,"its meat of Zabala , … ,"
561,nera niba munake,were themselves taking booty .,"Nig-ul-pa’e , apples ,"
562,sag elam utuda,Persons born in Elam,"has committed murder , repayments ,"
563,uba X,"At that time , …","At that time … ,"
564,ur cusi X,like ( ? ) a dog … paws ( ? ),the whole …
565,giri X,"having lain at ( his ) feet ,","via …-Baba ,"
566,gutarla dumu gutimumara,"Gutarla , the citizen of Gutium ,","NUMB daughter of Zakīma ,"
567,inim anake,the word of An,"by the command of Kimaš ,"
568,cu numunibtag,had not touched .,"shall unto distant times ,"
569,geckim enlila,Of the signs of Enlil,"the trusted of Enlil ,"
570,name numudagal,there were none at all regarding him .,"x-agazi ,"
571,namlugalce,For the kingship,for the life
572,a imatu,he bathed himself .,"labor of wintertime ,"
573,aga ban X X,The crown which they had …,"crown , the silver ,"
574,u ane X miniIL,and he carried … there .,"… , Mukiš , … ,"
575,ana binakbi,"For what he had done there ,","x-agazi ,"
576,mada gutimum,the lands of Gutium,"the lands of Sippar ,"
577,simudar,and Simudar,"say ,"
578,sigba ugnim ki banitag,planted troops there in the south .,"Tirmium , from the dogs ,"
579,tulium,"Tulium ,","say ,"
580,kar magur nuzu,"the harbor which knew ( ? ) no deep-going boats ,","Abilatum , the runner ;"
581,mete NI X,a fitting thing …,for E’e … ;
582,X,"because of … ,","Ur-Gal-… ,"
583,nam X su X,"and because of … ,",… for … for them .
584,X urima,… in/of Ur,… of Ur
585,zicagal X ku enlila,the encouragement of holy Enlil,"the Tidnumites , the silver of Enlil ,"
586,anta X,from above …,"from above was … ,"
587,X lugalbanda X X lu muciak,… Lugalbanda … did … to the men .,"… for Marḫuni of … ,"
588,X imidare AN gi X,… was splitting ( ? ) … upward …,"… , boat-builders , … ,"
589,NUMB udu X,"NUMB sheep … ,",NUMB sheep …
590,NUMB sila X,"NUMB lamb … ,",NUMB lamb of Šarru-… ;
591,ki ahunita,from Ahuni,from ( the account of ) Aḫuni
592,iti kisikininazu minkam,"month : “ ki-siki of Ninazu , ” the second ,",month : “ ki-siki of Ninazu . ”
593,mu simurum lulubu ara NUMB bahul,year : “ Simurum ( and ) Lulubu for the ordNUMB time were destroyed . ”,year : “ Simurum Lulubu for the ordNUMB time were destroyed . ”
594,GAN kab duga,"fields , inspected ,",at the field Booted-oxen ;
595,cabra sangame,"of chief household administrators and chief temple administrators ,","manager of Nin-ḫursag ,"
596,mu hurti bahul,year : “ Ḫurti was destroyed . ”,year : “ Ḫurti was destroyed . ”
597,a urickur,"labor of Ur-Iškur ,","labor of Ša-kuge ,"
598,ki lugalazidata,from Lugal-azida,"from Ur-Ḫalmuša ,"
599,gemenungalke,did Geme-Nungal,"say ,"
600,u cudurul dumuni,"and Šu-durul , her son ,","and Geme-Enlil , his son ,"
601,igi urickur,"before Ur-Iškur ,","before : Dingir-saga ,"
602,igi dumu ursuen,"before the son of Ur-Suen ,","before : Badudu , the child of Nanše ;"
603,igi luickur,"before Lu-Iškur ,",before Šu-Mama .
604,igi tulta dumu lugalhegal,"before Tulta , son of Lugal-ḫegal","before : Badudu , son of messengers ."
605,gala badag,"there is a work loss ,","to the striking … ,"
606,ce NUMB silata agdam,"barley , NUMB sila3 per ( day ) will be measured out ,","NUMB sila3 of Ṣelli-Šulgi ,"
607,mu lugalbi inpa,did he the royal name invoke ;,the royal name he invoked ;
608,mu magurmah enlila babdu,year : “ The Big-Barge of Enlil was caulked . ”,year : “ Great-barge of Enlil was built . ”
609,cutul,"Šutul ,","say ,"
610,dumu gemenungal,son of Geme-Nungal .,son of Iddaya
611,gemeningal,"Geme-Ningal ,","say ,"
612,dumu bagina,son of Bagina .,"son of Luba ,"
613,u sagnigura,and debits,and Gu’edina
614,apa nabasata,From the side of the Nabasa canal :,š .
615,NUMB ninda gid NUMB kuc dagal NUMB kuc sukud,"NUMB ninda the length , NUMB cubit the width , NUMB cubit the height ,","NUMB ninda long …-hides , NUMB cubits per width ;"
616,aca NUMB sar,the volume NUMB sar ;,field : NUMB surface ;
617,NUMB ninda gid NUMB kuc dagal NUMB kuc sukud,"NUMB ninda the length , NUMB cubit the width , NUMB cubits the height ,","NUMB ninda long …-hides , NUMB cubits per width ;"
618,aca NUMB sar,the volume : NUMB sar ;,field : NUMB surface ;
619,apisal X X,Apisal … ;,"Apisal , … ,"
620,aca X,the volume …,"at the field , … ;"
621,a X,from the side of …,"labor of Ur-dukuga ,"
622,NUMB ninda gid NUMB kuc dagal NUMB kuc sukud,"NUMB ninda the length , NUMB cubit the width , NUMB cubit the height ;","NUMB ninda long …-hides , NUMB cubits per width ;"
623,aca NUMB sar NUMB gin,"the volume NUMB sar , NUMB shekels .",per …
624,e aca pirigturginDUce,For a levee in the field Pirigtur-gin-DU,"leveled , the field Abagal-Enlil ;"
625,cunigin NUMB ninda gid,Total : NUMB ninda the length .,"together : NUMB fine ninda ,"
626,cunigin NUMB sar kin sahar u usag,Total : NUMB sar the activity for earthwork and reed bundle for barges,"total : “ NENEgar ” … ,"
627,e aca lugalmusa gaba agectinaka,The levee of the Lugal-mussa field that is in front of A-geštin field,the dike to the field facing done ;
628,e kisumuna gida,has been measured up to the levee of a plot with poor soil ? ;,"the house of Narunte ,"
629,ugula sanga dumuzi u sanga ninDARa,the foremen ( are ) the chief adminstrator of ( the temple of ) Dumuzi and the chief administrator of ( the temple of ) Nin-DARa .,foremen : “ in the household of Dumuzi and the household manager of Dumuzi Dumuzi ;
630,mu guza enlila badim,Year : The throne of Enlil was fashioned,year : “ The throne of Enlil was fashioned ; ”
631,erin balace guba,"worktroopes to bala stationed ,",work-troops of the governor of Inanna-gal ;
632,erin kicgati,worktroops of Kišgati ( ? ),"work-troops of the bala ,"
633,im laia,tablets of deficits,"wet tablets , deficit ."
634,u nigkak,"and accounts ,",and account of
635,iti paue,"year “ Pa’ue , ”","month “ Pa’ue , ”"
636,nimintaba,"For Nimintaba ,","say ,"
637,"culgi,",Šulgi,"say ,"
638,giri cuecdar sagi,"via Šu-Ešdar , the cupbearer ,","via Dayya , cupbearer ,"
639,bala u NUMB,"bala , the ordNUMB day ;","ordNUMB day ,"
640,mu en inanna unuga mace ipa,year : “ The high-priest of Inanna in Uruk by means of extispicy was chosen . ”,year : “ The high-priest of Inanna of Uruk was named . ”
641,cuecdar,"Šu-Ešdar ,",of Šu-ešdar ;
642,sagi,"cup-bearer ,","cupbearer ,"
643,dumu X,"son of …-du ,",son of Lugal-… .
644,ecucuma,"house of consignments ,","the house of consignments ,"
645,ucbar X,"weavers , Lu-… ,","weavers … ,"
646,e ucbar egal,"house of weavers of the palace ,","They are the weavers , the house of the weavers ;"
647,u e ucbar nindingir,and house of weavers of the priestess,and the Iturungal temple of the weavers ;
648,baba,"of Baba ,","Baba ,"
649,luinimnigsaga,"Lu-inimnigsaga ,","say ,"
650,cuera,"Šu-Erra ,",( for ) Šu-Erra ;
651,muhaldim lugal,"royal cook ,",For the replacement g .
652,dumu zakili,"son of Zak-ilī ,","son of Luba ,"
653,NUMB uztur,"NUMB duck ,","NUMB PAda ,"
654,NUMB ir,"NUMB pigeon ,","NUMB PAda ,"
655,NUMB tugur,"NUMB dove ,",( and ) NUMB ( for ) Mašgula
656,NUMB cahNEturnitagecgi,"NUMB male piglet , canebrake type ,","NUMB PAda ,"
657,nigu ningace,for food of my queen ;,"x-agazi ,"
658,egala banku,brought to the palace ;,"into the palace brought ,"
659,itita u NUMB bazal,of the month the ordNUMB day passed ;,of the month day NUMB elapsed ;
660,urlugaledina,of Ur-Lugaledina ( ’s account ) ;,"say ,"
661,iti kisiki ninazu,"month : “ ki-siki-of-Ninazu , ”","to month “ Gazelle-Feast , ”"
662,babara X,"Babara … ,",the god …
663,dumu X,"son of Lu-… ,",son of Lugal-… .
664,kicib ce ziga,"sealed documents , grain , credits ,",grain of barley raised
665,nurickur,"to Nūr-Adda ,","to Abī-abiḫ ,"
666,sadu cara cupalil,"regular offering for Šara … ,",regular offerings of Šara of the female workers ;
667,guedinata,from Gu-edina,from Gu’ednina
668,ki egalesita,from Egalesi,"from Ur-Ḫalmuša ,"
669,hala cu bati,did Ḫala receive ;,bowing down ;
670,iti nesagce,"to the month “ First-fruit offering , ”",through the month “ nesag sacrifice ” >> .
671,mu usa cacru bahul,year after : “ Šašru was destroyed . ”,year following : “ Šašru was destroyed . ”
672,hala,"Ḫala ,","Waburtum ,"
673,dumu lugalemah,"son of Lugal-emaḫ ,",son of Lugal-emaḫ .
674,lu lunga cara,brewer of Šara .,A person who an temple of wickedness
675,uc ursilaluh,"Dead : Ur-silaluḫ ,",remainder for the dogs .
676,NUMB GAN eurbidu ugula,"NUMB aš-c- ( worker ) , ‘field’ : E-urbidu , a foreman ,","NUMB , Inimanizi , field , inspected ;"
677,NUMB GAN girinisa,"NUMB aš-c- ( worker ) , ‘field’ : Girini-isa ,","NUMB , harrowed"
678,dumunime,"—they are his sons— ,","being her children ,"
679,NUMB GAN urgectinanka,"NUMB aš-c- ( worker ) , ‘field’ : Ur-Geštinanka ,","NUMB surface , fallow ;"
680,NUMB lusukkalanka,"NUMB diš- ( worker ) : Lu-Sukkalanka ,","NUMB PAda ,"
681,tir kisura idab,the Border-woods took in charge ;,Lugal-šunire accepted ;
682,NUMB ug dugani,"NUMB aš-c- ( worker with rations of ) NUMB ( sila3 barley ) , NUMB ( mana wool ) , porter : Dugani ,",NUMB ( workman ) porter : Lu-gamu .
683,tir cunamugi idab,the Šunamugi-woods took in charge ;,Dan-Šulgi accepted .
684,NUMB GAN inimcara,"NUMB aš-c- ( worker ) , ‘field’ : Inim-Šara ,","NUMB , Ermu ,"
685,NUMB lugalinimgina dumuni,"NUMB diš- ( worker ) : Lugal-inim-gina , his son ,","( and ) NUMB ( for ) Nin-kuzu , her daughter ;"
686,tir akunkum idab,the Akunkum-woods took in charge ;,Dan-Šulgi accepted .
687,cu uraba,"old : Ur-abba ,","has lain ,"
688,NUMB GAN lucara dumuni,"NUMB aš-c- ( worker ) , ‘field’ : Lu-Šara , his son ,","NUMB the surface of Lu-Šara , her son ;"
689,tir kamari idab,the Kamari-woods took in charge ;,Dan-Šulgi accepted .
690,uc lugalitida,"dead : Lugal-itida ,",Lugal-itida ;
691,NUMB GAN lugina,"NUMB aš-c- ( worker ) , ‘field’ : Lu-gina ,","NUMB , NUMB , prebend of"
692,NUMB ahubaqar,"NUMB aš- ( worker ) : Aḫu-baqar ,","NUMB PAda ,"
693,uc lucara,"dead : Lu-Šara ,",The foreman is Lu-Šara .
694,NUMB atanah,"NUMB diš- ( worker ) : Atannaḫ ,","NUMB PAda ,"
695,tir aca amri idab,the Amri-field-woods took in charge ;,Lugal-šunire received ;
696,NUMB GAN luabu,"NUMB aš-c- ( worker ) , ‘field’ : Lu-Abu ,","NUMB surface , fallow ;"
697,NUMB luebgal,"NUMB aš- ( worker ) : Lu-ebgal ,","NUMB , Lu-eb ,"
698,NUMB luenkidu,"NUMB diš- ( worker ) : Lu-Enkidu ,","NUMB PAda ,"
699,dumu dadaga,"—sons of Dayadaga— ,","son of Dadaga ,"
700,tir ula idab,the Ula-woods took in charge ;,Lugal-šunire accepted .
701,NUMB GAN ug adudu,"NUMB aš-c- ( worker ) , ‘field’ , porter : Adudu ,",NUMB field of Weir-field of Dingira .
702,NUMB lugalkuzu dumuni,"NUMB diš- ( worker ) : Lugal-kuzu , his son ,","( and ) NUMB ( for ) Lugal-kuzu , her daughter ;"
703,tir kirimah idab,the Big-orchard-woods took in charge ;,Lugal-šunire accepted .
704,NUMB nu GAN inimanizi,"NUMB aš-c- ( worker ) , ( no! ) , ‘field’ : Inimanizi ,","NUMB , Inimanizi ,"
705,NUMB nu uremah,"NUMB aš- ( worker ) ( no! ) : Ur-Emaḫ ,","NUMB foot-stool of šakal-wood ,"
706,NUMB nu utusaga,"NUMB diš- ( worker ) ( no! ) : Utu-saga ,","NUMB foot-stool of fig-tree trees ,"
707,NUMB nu ururbartab,"NUMB diš- ( worker ) ( no! ) : Ur-Urbartab ,","NUMB foot-stool of Ea-malik ,"
708,tir i dula idab,the Dula-waterway-woods took in charge ;,Lugal-šunire accepted .
709,NUMB cagubi zah,"NUMB aš-c- ( worker ) : Šagubi , flown ,","NUMB Du-ilī ,"
710,tir aca carasi idab,the Šarasi-field-woods took in charge ;,Lugal-šunire received ;
711,NUMB GAN uremac dumu ursilaluh,"NUMB aš-c- ( worker ) , ‘field’ : Ur-Emaš , son of Ur-silaluḫ ,","NUMB surface of mountainland , its rear : Tira’aš ,"
712,tir daguna idab,the Daguna-woods took in charge ;,Dan-Šulgi accepted .
713,ugula eurbidu,foreman : E-urbidu ;,foreman : Dudumu
714,NUMB GAN ceckala ugula,"NUMB aš-c- ( worker ) , ‘field’ : Šeškalla , foreman ,","NUMB , NUMB ram , foreman : the foreman ;"
715,NUMB inimanizi dumuni,"NUMB diš- ( worker ) : Inimanizi , his son ,","( and ) NUMB Inimanizi , her child ;"
716,NUMB GAN lugalhili,"NUMB aš-c- ( worker ) , ‘field’ : Lugal-ḫili ,","NUMB surface , fallow ;"
717,NUMB carazida,"NUMB aš- ( worker ) : Šara-zida ,",NUMB Lu’u-nusa ;
718,NUMB luabu,"NUMB diš- ( worker ) : Lu-Abu ,","NUMB PAda ,"
719,dumu alume,"—they are sons of Allu— ,","son of Luba ,"
720,tir elugal idab,the Royal-house-woods took in charge ;,Dan-Šulgi accepted .
721,NUMB GAN akala dumu urtulmah,"NUMB aš-c- ( worker ) , ‘field’ : Akalla , son of Ur-tulmaḫ ,",NUMB field area : field of Lugal-kiri6 ;
722,NUMB girinisa dumuni,"NUMB diš- ( worker ) : Girini-isa , his son ,","( and ) NUMB ( for ) Geme-edara , her daughter ;"
723,tir kara idab,the Quay-woods took in charge ;,Lugal-šunire accepted .
724,NUMB GAN ceckala,"NUMB aš-c- ( worker ) , ‘field’ : Šeškalla ,",NUMB the surface ( of ) Šeškala ;
725,NUMB lugalhegal dumuni,"NUMB aš- ( worker ) : Lugal-ḫegal , his son ,","NUMB Lugal-ḫegal , her daughter ,"
726,tir masar idab,the Masar-woods took in charge ;,Dan-Šulgi accepted .
727,NUMB GAN ludingira dumu urlugal,"NUMB aš-c- ( worker ) , ‘field’ : Lu-dingira , son of Ur-lugal ,",NUMB field area : prebend of E’asilu ;
728,tir turuda idab,the Turuda-woods took in charge ;,Dan-Šulgi accepted .
729,NUMB GAN ug lugalhegal dumu urgu,"NUMB aš-c- ( worker ) , ‘field’ , porter : Lugal-ḫegal , son of Ur-gu ,","NUMB field area : Lu-Šara , son of Lugal-bad ;"
730,NUMB luninazu dumuni,"NUMB diš- ( worker ) : Lu-Ninazu , his son ,","( and ) NUMB ( for ) Geme2-turniše , her child ,"
731,tir nagsu idab,the Nagsu-woods took in charge ;,Dan-Šulgi accepted .
732,NUMB GAN lugalzage,"NUMB aš-c- ( worker ) , ‘field’ : Lugal-zage ,","NUMB surface , fallow ;"
733,NUMB lunanna dumuni,"NUMB diš- ( worker ) : Lu-Nanna , his son ,","( and ) NUMB ( for ) Namninani , her daughter ;"
734,tir girgec idab,the Girgeš-woods took in charge ;,Dan-Šulgi accepted .
735,NUMB GAN urnigar,"NUMB aš-c- ( worker ) , ‘field’ : Ur-nigar ,","NUMB , Ur-nigar ,"
736,NUMB ata dumuni,"NUMB diš- ( worker ) : Ata , his son ,","( and ) NUMB ( for ) Geme2-turniše , her child ;"
737,tir inime idab,the Inime-woods took in charge ;,Dan-Šulgi accepted .
738,cu abasaga,"old : Abba-saga ,",has received .
739,tir balatimdurun idab,the Bala’atimdurun-woods took in charge ;,Dan-Šulgi accepted .
740,NUMB GAN carakam,"NUMB aš-c- ( worker ) , ‘field’ : Šara-kam ,","NUMB surface , inspected ;"
741,tir kisura adab idab,the Kisura-of-Adab-woods took in charge ;,"Lugal-šunire , the messenger , in the land of Anšan ;"
742,NUMB GAN bansa,"NUMB aš-c- ( worker ) , ‘field’ : Bansa ,","NUMB surface , fallow ;"
743,NUMB ursukkal dumuni,"NUMB diš- ( worker ) : Ur-sukkal , his son ,","( and ) NUMB ( for ) Mama , her daughter ,"
744,tir zabala idab,the Zabala-woods took in charge ;,Dan-Šulgi accepted .
745,ugula ceckala,foreman : Šeškalla ;,"the foreman : Šeškala ,"
746,NUMB GAN ug urgigir,"NUMB aš-c- ( worker ) , ‘field’ , porter : Ur-gigir ,",NUMB area : the surface of Ur-gigir ;
747,tir i gala idab,the Big-waterway-woods took in charge ;,Dan-Šulgi accepted .
748,cu urcara dumu ARAD,"old : Ur-Šara , son of ARAD ,","did Lu-šalim , son of Nasilim ."
749,NUMB GAN luhegal,"NUMB aš-c- ( worker ) , ‘field’ : Lu-ḫegal ,","… surface , fallow ;"
750,NUMB halamami,"NUMB aš- ( worker ) : Ḫala-Mami ,","NUMB PAda ,"
751,uc ludingira,"dead : Lu-dingira ,",dead : Lu-dingira ;
752,NUMB lugalnesage,"NUMB diš- ( worker ) : Lugal-nesage ,","NUMB ( mana wool for ) Nin-inimgina ,"
753,tir garcanaka idab,the Garšana-woods took in charge ;,Dan-Šulgi accepted .
754,NUMB GAN urcara dumu idia,"NUMB aš-c- ( worker ) , ‘field’ : Ur-Šara , son of Idi’a ,","NUMB field area : Ur-Šara , son of E’asilu ;"
755,tir eringarcanaka idab,the troops-of-Garšana-woods took in charge ;,Dan-Šulgi accepted .
756,NUMB GAN ug luga,"NUMB aš-c- ( worker ) , ‘field’ , porter : Luga ,",NUMB field area : field of Weir-field ;
757,NUMB GAN urdumuzida dumu urmes,"NUMB aš-c- ( worker ) , ‘field’ : Ur-Dumuzida , son of Ur-mes ,","NUMB field area : Ur-gigir , son of Ḫuwawa ;"
758,tir canintina idab,the Midst-of-Nintina-woods took in charge ;,Dan-Šulgi accepted .
759,NUMB GAN cakusig,"NUMB aš-c- ( worker ) , ‘field’ : Šakusig ,","NUMB surface , fallow ;"
760,NUMB urnigar,"NUMB aš- ( worker ) : Ur-nigar ,","NUMB , Ur-nigar ,"
761,NUMB luebgal,"NUMB diš- ( worker ) : Lu-ebgal ,","NUMB , Lu-eb ,"
762,tir gabarigarcanaka idab,the Copy-of-Garšana-woods took in charge ;,Dan-Šulgi accepted .
763,tir macukudiri gu i namhani idab,"the Extra-prebend-boat-woods , bank of the Namḫani-waterway , took in charge ;","Lugal-šunire , therefroms , of the bank of Ninmar ,"
764,NUMB ARADcara dumuni,"NUMB diš- ( worker ) : ARAD-Šara , his son ,","( and ) NUMB ( for ) Mama , her child ,"
765,dumu handa nukiri,"son of Ḫanda , the orchardman ,","son of the sukkalmaḫ ,"
766,tir ukunuti gu i culgihegal idab,"the Ukunuti-woods , bank of the Šulgi-ḫegal-waterway , took in charge ;","credits , sheep , … , enquiries , enquiries ;"
767,NUMB GAN abagina dumu urnigar dumu da,"NUMB aš-c- ( worker ) , ‘field’ : Abba-gina , son of Ur-nigar , son of Dayya ,","NUMB surface of Abbagina , son of Aribi ; son of"
768,ime taka,"remainder of the preceding year ,",in Ur-Sara was confirmed ;
769,tir iribura idab,the Bura-town-woods took in charge ;,Dan-Šulgi accepted .
770,NUMB GAN lalmes,"NUMB aš-c- ( worker ) , ‘field’ : Lal-mes ,","NUMB surface , fallow ;"
771,tir aduganigin idab,the Aduganigin-woods took in charge ;,Dan-Šulgi accepted .
772,NUMB GAN abudu,"NUMB aš-c- ( worker ) , ‘field’ : Abu-ṭab ,","NUMB surface , fallow ;"
773,tir garsuda idab,the Garsuda-woods took in charge ;,Dan-Šulgi accepted .
774,NUMB GAN lugaldaga,"NUMB aš-c- ( worker ) , ‘field’ : Lugal-daga ,","NUMB surface , fallow ;"
775,uc amaki pa urnigar,"dead : Ama-ki , oldest brother of Ur-nigar ,","before : “ beer-drinking of the Ur-nigar , ”"
776,tir GANmac idab,the GANmaš-woods took in charge ;,Dan-Šulgi accepted .
777,ugula urcara,foreman : Ur-Šara ;,"foreman : Ur-Šara ,"
778,cunigin NUMB GAN guruc ugula,"total : NUMB aš-c- ( workers ) , ‘field’ corporate slaves , foremen ;","total : NUMB , NUMB , NUMB foreman ,"
779,cunigin NUMB dumunita diri,total : NUMB extra male child ;,"total : NUMB Ninzi-irina , Ninzi-irina ,"
780,cunigin NUMB dumunita,total : NUMB diš- ( worker ) male child ;,"total : NUMB Ninzi-irina Ninzi-irina ,"
781,cunigin NUMB guruc cugi,"total : NUMB diš-corporate slave , old NUMB ;","total : NUMB old workers ,"
782,ugula idab,the foreman took in charge ;,foreman : …-gala ;
783,cunigin NUMB GAN guruc,"total : NUMB aš-c- ( workers ) , ‘field’ , corporate slaves ;","total : NUMB surface , inspected ;"
784,cunigin NUMB guruc nudab,"total : NUMB aš-c- ( worker ) , corporate slave , not took in charge ;",total : NUMB male mule for the yoke ;
785,cunigin NUMB dumunita,"total : NUMB aš- ( workers ) , male children ;","total : NUMB Ninzi-irina Ninzi-irina ,"
786,cunigin NUMB dumunita,"total : NUMB diš- ( workers ) , male children ;","total : NUMB Ninzi-irina Ninzi-irina ,"
787,cunigin NUMB guruc cugi,"total : NUMB diš- ( workers ) , corporate slaves , old ones ;","total : NUMB old workers ,"
788,cunigin NUMB guruc zah,"total : NUMB aš- ( worker ) , corporate slave , flown ;","total : NUMB male laborer workdays ,"
789,cunigin NUMB guruc nudab,"total : NUMB aš- ( worker ) , corporate slave , not took in charge ;",total : NUMB male mule for the yoke ;
790,cunigin NUMB dumunita nudab,"total : NUMB diš- ( workers ) , male children , not passed by ;","together : NUMB first-born chair ,"
791,cunigin NUMB GAN ug guruc,"total : NUMB aš-c- ( workers ) , ‘field’ , porters , corporate slaves ;",total : NUMB surface area ;
792,cunigin NUMB ug guruc NUMB sila ce NUMB mana sikita,"total : NUMB aš- ( worker ) , porter , corporate slave at NUMB sila3 barley NUMB mana wool each ;",total : NUMB fish ; NUMB sila3 barley ;
793,ugILme,—they are porters— ;,"( for ) the porters ,"
794,cebi NUMB sila,"their barley : NUMB sila3 ,",the barley involved : NUMB sila3 ;
795,itida bedam,to be distributed monthly ;,"like lacking ,"
796,sikibi NUMB mana,"their wool NUMB mana ,",its silver : NUMB mana ;
797,mua bedam,to be distributed yearly ;,"but that man’s tooth ,"
798,gurum ak erin daba lu tira,inspection of the troops passed by as foresters :,"ex-voto of ) troops , silver , ( and ) seized ;"
799,akala ensi umma,"Ayakalla , ensi of Umma ;","Ayakalla , the governor of Umma ;"
800,giri catakuzu sukkal,"via Šata-kuzu , the sukkal ,","via Bilila , the messenger ;"
801,luinanna sukkal,"Lu-Inanna , the sukkal ,","Lu-Utu , the messenger ,"
802,u lunanna dumu inimcara,"and Lu-Nanna , son of Inim-Šara ;","and Lu-Nanna , son of Inim-Šara ;"
803,iti ezemdumuzi,"month : “ Dumuzi festival , ”","month “ Festival of Dumuzi , ”"
804,mu enuneamarsuenrakiag en eridu bahun,Year : “ Ennune-Amar-Suenra-ki’ag as priest of Eridu was installed . ”,year : “ The high-priestess of Eridu was hired . ”
805,NUMB ninda gid NUMB kuc dagal NUMB kuc bur,"NUMB ninda the length , NUMB cubits the width , NUMB cubits the depth ,","NUMB ninda long …-hides , NUMB cubits per width ;"
806,acabi NUMB sar NUMB gin,its volume : NUMB sar NUMB shekels ;,"per … NUMB ( volume ) shekels ,"
807,NUMB ninda NUMB kuc gid NUMB kuc dagal NUMB kuc bur,"NUMB ninda NUMB cubits the length , NUMB cubits the width , NUMB cubits the depth ,",NUMB ninda NUMB cubits the length ; … ;
808,acabi NUMB sar la NUMB gin,its volume : NUMB sar NUMB shekel ;,"per … NUMB of malt ,"
809,NUMB ninda gid NUMB kuc dagal NUMB kuc bur,"NUMB ninda the length , NUMB cubits the width , NUMB cubit the depth ,","NUMB ninda long …-hides , NUMB cubits per width ;"
810,acabi NUMB sar,its volume : NUMB sar ;,NUMB …
811,NUMB ninda NUMB kuc gid NUMB kuc dagal NUMB kuc bur,"NUMB ninda NUMB cubit the length , NUMB cubits the width , NUMB cubits the depth ,",NUMB ninda NUMB cubits the length ; … ;
812,acabi NUMB gin,its volume : NUMB shekels ;,per a field NUMB shekels of it ;
813,NUMB ninda gid NUMB kuc dagal NUMB kuc bur,"NUMB ninda the length , NUMB cubits the width , NUMB cubits the depth ;","NUMB ninda long …-hides , NUMB cubits per width ;"
814,NUMB ninda NUMB kuc gid nuak,NUMB ninda NUMB cubits the length ; ( the measurements are ) unfinished ;,NUMB ninda NUMB cubits the length ;
815,NUMB ninda NUMB kuc gid NUMB kuc dagal NUMB kuc bur,"NUMB ninda NUMB cubit the length , NUMB cubits the width , NUMB cubits the depth ;",NUMB ninda NUMB cubits the length ; … ;
816,acabi NUMB sar NUMB gin,its volume NUMB sar NUMB shekels ;,"per … NUMB ( volume ) shekels ,"
817,NUMB gin DUBla,NUMB shekels DUBla ;,NUMB shekels of suhe ;
818,cunigin NUMB sar NUMB gin kin sahar,total : NUMB sar NUMB shekel earthwork .,"NUMB , NUMB shekels of soil ,"
819,imdua e niglagarka,pisé walls for the household of Nig-lagar .,"the House of the soldiers ,"
820,NUMB guruc u NUMB,"NUMB laborer days ,",NUMB male laborers for NUMB day
821,kisu aca manu,at the threshing floor of the field Willow stationed ;,at the threshing floor of the field GAN-maḫ ;
822,ugula urmes,"foreman : Ur-mes ,","foreman : Urmes ,"
823,giri tugac,via Tugaš ;,"via Lu-Ḫurim ,"
824,NUMB udu niga,NUMB grain-fed ram,"NUMB sheep , barley-fed ,"
825,guza ena,"( for ) the throne of the high-priestess ,",the throne of them
826,giri nursuen sagi,"via Nur-Suen , the “ cup-bearer , ”","via Nur-Suen , the fattener ;"
827,babancen mackim,Babanšen the responsible official ;,"Babanšen , responsible official ;"
828,ki culgiamuta bazi,from ( the account of ) Šulgi-ayamu booked out ;,Booked out of Šulgi-a'amu ( ’s account ) .
829,sipa unu,of shepherds and cowherds,"of shepherds , cattle herdsmen"
830,kinunir,"of Kinunir ,","Kinunir ,"
831,u sagapin e ninhursag,"and the head-plowmen of the house of Ninḫursag ,","and head-plowmen of the house of Ninḫursag ,"
832,mu harci kimac bahul,"year : “ Ḫarši , Kimaš were destroyed . ” NUMB","year : “ Ḫarši , Kimaš were destroyed . ”"
833,enancekiag,"En-Nanše-kiag ,","say ,"
834,abamu,"of Abbamu ,",of Aḫuni
835,giri atu,"via Atu ,",via Atu ;
836,nigkak a buru a ente,"accounts of labor of harvest and labor of wintertime ,","accounts of the labor of the production of long sickles ,"
837,mu en nanna karzida bahun,year : “ The en- ( priestess ) of Nanna of Karzida was hired . ”,year : “ The high-priestess of Nanna in Karzida was hired . ”
838,dumu idisuen,"son of Idī-Suen ,","son of Luba ,"
839,damgarne,of the exchange agents,of the merchants
840,dumu X,"son of Ilī-… ,",son of Lugal-… .
841,sagi ARADzu,"cupbearer , is your servant .","Šulgi-mudaḫ , your servant ."
842,ceba gu i nigindu,"barley rations of the bank of the waterway Nigin-du ,","barley rations of the bank of the waterway Pirig-gindu ,"
843,NUMB sa gizi,NUMB bundles of good reed,"NUMB bundles of fodder reed ,"
844,guniginba NUMB,"in bales of NUMB bundles each ,",its bala : NUMB ;
845,ki lugalmumanagta,"from Lugalmu-manag ,","from Ur-Ḫalmuša ,"
846,kicib alulu,sealed tablet of Alulu .,under seal of Alulu ;
847,iti cekaragala,"Month : “ barley brought to the docks , ”",month : “ Barley at the quay ; ”
848,mu en eridu bahun,year : “ priest of Eridu is installed . ”,year : “ The high-priestess of Eridu was hired . ”
849,X,for Utu-… ;,"Ur-Gal-… ,"
850,luduga,for Lu-duga ;,"Lu-duga ,"
851,X,for Lu-… ;,"Ur-Gal-… ,"
852,"s,alia",for Ṣallīya ;,"say ,"
853,urbaba,for Ur-Baba ;,"Ur-Baba ,"
854,hulania,for Ḫullāniya ;,"say ,"
855,hablulu,for Ḫāblulu ;,"say ,"
856,suhucgi,for Suḫušgi ;,"say ,"
857,cuinanna,for Šū-Inanna ;,"say ,"
858,camu,for Šamu ;,"say ,"
859,cunigin NUMB sila kac saga cunigin NUMB sila kac du,total : NUMB sila3 fine beer ; total : NUMB sila3 common beer ;,"total : NUMB sila3 fine beer , total : NUMB sila3 beer ;"
860,cunigin NUMB sila ninda cunigin NUMB sila cum,total : NUMB sila3 bread ; total : NUMB sila3 onions ;,total : NUMB sila3 bread ; total : NUMB sila3 onions ;
861,cunigin NUMB sila NUMB gin i cunigin NUMB sila NUMB gin naga,total : NUMB sila3 NUMB shekels oil ; total : NUMB sila3 NUMB shekels alkali-plant ;,total : NUMB sila3 NUMB shekels oil ; total : NUMB sila3 NUMB shekels alkali-plant ;
862,niginba,grand totals,"grand totals ,"
863,guapin guba,"of plow-oxen , stationed ,","plow-oxen , stationed ,"
864,u cabrane,"and chief household administrators ,",and the plot manager ;
865,NUMB masab NUMB,"NUMB masab-baskets at NUMB ban each ,","NUMB geese , NUMB ( = NUMB sila3 )"
866,nurma bansi,filled ? with pomegranates,"x-agazi ,"
867,tumalce,"to Tummal ,","say ,"
868,giri laqipu candana,"via Laqipu , the š . ;","via Igi'aya , the leatherworker ."
869,iti nigenlila,"month : “ that of Enlil , ”","month “ Gazelle-Feast , ”"
870,mu en enki bahun,year : “ the lord of Enki was hired . ”,year : “ The high-priest of Nanna was installed . ”
871,NUMB sila NUMB gin ce gur X,"NUMB sila3 NUMB shekels barley … ,","NUMB sila3 NUMB shekels of …-oil ,"
872,a lu hunga acaga,wages of the hirelings of the field … ;,labor of the hired men of the female laborers ;
873,NUMB gur a lu hunga X,"NUMB  NUMB ( ? ) wages of the hirelings … ,","NUMB fullers … , labor of … ;"
874,laia nigkak,deficit of the account,deficit of the account ;
875,ARADdingira,of ARAD-dingira ( ? ) ;,"say ,"
876,atu dumu lugalsagake,"Atu , son of Lugal-saga","Atu , son of Ulluḫ-ūri ,"
877,susudam,must replace it ;,be repaid ;
878,dumu lugalsaga,son of Lugal-saga .,"son of Lugalsaga ,"
879,NUMB dusumunus,"NUMB female equids ,","NUMB jennies ,"
880,cugi,"old ,","Ur-eškuga ,"
881,ki cuidimta,"from Šu-Idim ,",from Šu-Idim
882,cenumun,seed grain,For Šamaš
883,u GAN urua niginbabi,"and fields in plow , their grand totals","and in the area , in Tummal ,"
884,mu en inanna mace ipa,year : “ The en- ( priest ) of Inanna by the goat was found . ”,year : “ The high-priest of Inanna was named . ”
885,NUMB udu niga barana,"NUMB sheep , barley-fed , for the dais of An ,","NUMB sheep , barley-fed , for Amur-ilī"
886,NUMB udu niga NUMB us NUMB udu niga NUMB us,"NUMB sheep , barley-fed , of ordNUMB grade , NUMB sheep , barley-fed , of ordNUMB grade","NUMB grain-fed sheep of ordNUMB grade ,"
887,nanna,for Nanna ;,may Nanna
888,NUMB macgal niga NUMB us dublamah,"NUMB buck , barley-fed , of ordNUMB grade for Dublamaḫ ,","NUMB buck , barley-fed , of NUMB grade ,"
889,NUMB udu niga NUMB macgal niga gueusa,"NUMB sheep , barley-fed , NUMB bucks , barley-fed , “ following oxen , ”","NUMB barley-fed sheep , NUMB mature billygoat , barley-fed , “ following oxen , ”"
890,ezemana,“ Festival of An ” ;,"he had built for him ,"
891,NUMB udu niga NUMB us dur,"NUMB sheep , barley-fed , of ordNUMB grade , for “ Mound of the Roof ; ”","NUMB sheep , barley-fed , ordNUMB grade ,"
892,NUMB udu niga NUMB us NUMB udu niga NUMB us,"NUMB sheep , barley-fed , of ordNUMB grade , NUMB sheep , barley-fed , of ordNUMB grade ,","NUMB grain-fed sheep of ordNUMB grade ,"
893,nungal,for Nungal ;,"say ,"
894,NUMB udu niga dublamah,"NUMB sheep , barley-fed , for Dublamaḫ ;","NUMB sheep , barley-fed , at Dublamaḫ ,"
895,NUMB udu niga gueusa ANdur,"NUMB sheep , barley-fed , “ following oxen , ” for ANdur ;","NUMB sheep , grain-fed , “ following the ox , ”"
896,NUMB udu niga X culgi TUR X,"NUMB sheep , barley-fed , … , for Šulgi … ;","NUMB sheep , barley-fed , … , siskur-offering to Suen … ,"
897,NUMB X dandanda,"NUMB … , for Dandanda ;","NUMB … for Silver Mound ,"
898,NUMB X ningal X,"NUMB … , for Ningal … ;","NUMB … for them … ,"
899,NUMB gueusa ninuri,"NUMB ( sheep , barley-fed , ) “ following oxen , ” for Ninuri ;","NUMB , NUMB talents of glue ,"
900,NUMB X X,NUMB … Šu-Suen-ki’ag … ;,"NUMB , …um-bani ;"
901,NUMB X X,"NUMB … , for … ;","NUMB , …um-bani ;"
902,NUMB udu niga X,"NUMB sheep , barley-fed , for …-kalla ;","NUMB sheep , barley-fed , … ,"
903,NUMB udu niga X ninkununa,"NUMB sheep , barley-fed , … for Ninkununa ;","NUMB sheep , barley-fed , … ,"
904,NUMB udu niga NUMB us gula,"NUMB sheep , barley-fed , of ordNUMB grade , for Gula ;","NUMB rams , barley-fed , of Gula ,"
905,NUMB udu niga NUMB sila ninegal,"NUMB sheep , barley-fed , NUMB lamb , for Nin-egal ;","NUMB sheep , barley-fed , NUMB lamb ,"
906,giri suenabucu sagi,"via Suen-abušu , cup-bearer ,","via Bilila , the fattener ;"
907,ki abaenlilginta bazi,"booked out from Aba-Enlilgin ( ’s account ) ,","from Aba-Enlilgin , booked out ,"
908,giri urculgira carabdu,"via Ur-Šulgi , šarabdu ;",Responsible : the great ragaba .
909,mu cusuen lugal urimake naruamah enlil ninlilra munedu,"year : “ Šu-Suen , king of Ur , the grand-stele for Enlil ( and ) Ninlil erected ; ”","year : “ Šu-Suen , king of Ur , Big-Stele for Enlil and Ninlil erected . ”"
910,NUMB ud adara,"NUMB adara-nanny ,","NUMB Šimaškian goat ,"
911,ki ludingira,from Ludingira,from Lu-dingira
912,catili,by Šat-ilī ;,"say ,"
913,NUMB lalkuda,10- ( troop ) of Lalkuda ;,"NUMB PAda ,"
914,NUMB lahutum,NUMB bricks by Lahutum ;,"NUMB PAda ,"
915,NUMB,"NUMB bricks ,",NUMB . NUMB
916,NUMB ahuni,10- ( troop ) of Ahuni ;,"NUMB , Aḫuni ,"
917,cunigin NUMB sar NUMB gin NUMB sig,"total : NUMB ( brick ) -sar NUMB shekels bricks ,","together : NUMB sar NUMB shekels of brick ( ? ) ,"
918,a NUMB,"at labor of NUMB ( bricks per workday ) ,","labor of the NUMB ( bricks per workday ) ,"
919,gemebi NUMB gin u NUMB,"the female laborers involved : NUMB and NUMB shekels workdays ,","the female laborers involved : NUMB days NUMB shekels ,"
920,ce NUMB silata bahun,"at NUMB sila3 per ( day ) hired ,",hired at NUMB sila3 barley each ;
921,cebi NUMB sila NUMB gin,"the barley involved : NUMB sila3 NUMB shekels ,",the months equivalent : NUMB sila3 NUMB shekels ;
922,a sig gaga,"labor of carrying bricks ,","labor of brick transportation ,"
923,ekibagara picahdingir,"( for ) the replacement house of Pišah-ilim ,",for the replacement facility to Persia ;
924,muku mea,"delivery of Simat-Ea ,",delivery for Ninsun ;
925,giri ickurtillat,via Adad-tillatī ;,"via Lu-Ḫurim ,"
926,mu cusuen lugale naruamah enlil ninlilra munedu,"year : “ Su-Suen , the king , Great-stele for Enlil and Ninlil erected . ”","year : “ Šū-Suen , the king , erected the great stele for Enlil and Ninlil erected . ”"
927,culgikiursakalamaka,Šulgi-ki'ursa-kalama,"say ,"
928,lu tagani,"his person in charge of sacrifices ,","the man who turned her ,"
929,alanani,a statue of him ( Šulgi ),a statue of him
930,mudu,he created .,he built .
931,alana,The statue :,"say ,"
932,a cuma,Given Strength,dedicate
933,nindara,"by Nindara ,","For Nindara ,"
934,zicagal irina,"The Inspiration of His City ,",the dam
935,KA bura,"the opening ( ? ) of the bowl ,","… , … ,"
936,ki anaka aba cu tum,dealing with the cows in the Place of An .,"from leather bags , to the Upper Sea ,"
937,u ezemaka,On the day of the festival,and Puzrum-Ninkarke
938,e ninmarka,"in the temple of Ninmar ,","of the house of Ninmar ,"
939,sag kisala daba,when the first ( offerings ? ) are taken into the courtyard :,all the harvest persons
940,NUMB dug dida,"NUMB jugs of sweet-wort ,","NUMB jugs of wort ,"
941,NUMB dug kac,"NUMB jugs of beer ,","NUMB jugs of wort ,"
942,NUMB zi lugal,"NUMB and NUMB of royal flour ,","NUMB fine flour ,"
943,NUMB gada gadul,NUMB linen cover,"NUMB linens , head ,"
944,NUMB gada guza,"and NUMB linen ( cloth ) for the throne ,","NUMB … linens ,"
945,dardu erin u gabra erin,"cedar sprouts ( ? ) and cedar 'herders' ,","( labor- ) troops , from ) the work-troops ( labor- ) troops ( of ) the work-troops ( s ) ,"
946,NUMB mana ara NUMB,"NUMB times NUMB minas of them ,",NUMB minas NUMB shekels ;
947,NUMB ku aldara,"NUMB split fish ,","NUMB fish of copper ,"
948,NUMB mun gur lugal,"NUMB royal gur of salt ,","NUMB royal ( measure ) ,"
949,NUMB naga gur,"NUMB of soda ,",NUMB of alkali-plant
950,dug sila |IGI×X|,"quart jugs of … ,","the vessels of the millworks ,"
951,NUMB ku X,"NUMB ( ? ) silver … ,",NUMB ( mana wool for ) Kubi
952,ku aba,"fish of the sea ,",From the NUMB of silver
953,har X,"silver rings ,","the river … ,"
954,NUMB dug X X,"NUMB jug of … oil ,",NUMB jug of wort …
955,nigba gacamkam,were the gifts of the artisans .,of the dumu-daba
956,girsu ce ilaka,"In Girsu , in the <month> of barley transporting ,","of the barley of the oxen-fields ,"
957,ma cu dua,a properly equipped boat,the house of the cook
958,guabata dudam,"which is to be caulked ( on its return ) from Gu'abba ,","x-agazi ,"
959,namlubeluda,the office of the 'master of ceremonies',"say ,"
960,eta izi la,( and ? ) the NUMB who bears fire from the temple,"he shall not attach ,"
961,gacamkam,belong to the artians .,"say ,"
962,bala u NUMB,A term of NUMB days,"ordNUMB day ,"
963,u NUMB,and a one-third ( prebend ),the nth day
964,e kiesaga,"in the temple of Ki-es ,","the Etemeniguru ,"
965,e girsuka NUMB,"one-third in the temple of Girsu ,","the Etemeniguru , … ,"
966,ma ec ge zal,that when the boat spends the night at the shrine,the depot of the Upper Urli .
967,u ma kare tagdabi,and when the boat lands at the quay ;,"and in the boat village barge , ditto ,"
968,nigba NUMB,an allotment of NUMB of that,"the debits ( of ) NUMB ( ? ) ,"
969,ma niginbarce deabi,"for when the boat is taken to the outer district ,","the boat of pots of the Hurtian ,"
970,nigdabi lu nudatuku,these requisitions were owed to no person .,"the man of the boundary workers ,"
971,ur gu udu egal esag,Legs of beef and mutton of the palace and the grain-stores,"seized , sheep , sheep of the palace ,"
972,u bara ningirsuka,"and the dais of Ningirsu ,","and all their sons ,"
973,namcita,"the office of the šita-priest ,","say ,"
974,kislah cuku agubi,"with its uncultivated land , subsistance plots , holy water ,",the oxen-manager of …
975,esag udu egal,"the grain-store of the palace sheep ,","sheep of the palace ,"
976,ur udu ama siki,"legs of wool-bearing mother sheep ,","the wife of Nanše of Lu-Naru'a ,"
977,NUMB sila inun,"NUMB quarts of ghee ,","and NUMB sila3 of ghee ,"
978,NUMB zulum lugal,"NUMB of royal dates ,","NUMB dates , royal ( measure ) ,"
979,NUMB gar,NUMB plus NUMB of cheese,"NUMB Lu-Gudea ,"
980,NUMB ga,"NUMB of milk ,","NUMB female kids ,"
981,NUMB sila gectin,"NUMB quarts of wine ,","NUMB lambs of Errēšum ,"
982,NUMB pec cergu,"NUMB strings of figs ,","NUMB figs , apples ;"
983,NUMB hachur cergu,"NUMB strings of apples ,","NUMB : Geme-lugal , the potter ,"
984,ninda kaskal guabace,"food for the jourey to Gu'abba ,","through bread , together or female laborers ,"
985,nigdab gacamkam,are the requisitions of the artisans .,of the nigdab Angel of
986,aca ambar tur,"The field Little Marsh ,","at the field of the … field ,"
987,aca kimura,"the field Kimura ,",field Akišaḫ ;
988,aca gecgi tur,"the field Little Canebrake ,",field “ Menkar ; ”
989,aca agectina,"Vinegar Field ,",field Akišaḫ ;
990,aca X,"the field … ,","at the field , … ;"
991,girigena gacamkam,( this ) is the list ( of fields ) of the artisans .,"x-agazi ,"
992,udu e lah,"The sheep come from ( ? ) the temple ,","the house of the Lamma temple ,"
993,mac inima,"and the goats of the word ,","grand totals of the nation ,"
994,u uliace,"Forever ,",and Puzrum-Ninkarke
995,lu gec udun inacumda,"for the NUMB who will put wood into the oven for him ( the king ) ,","… , apples ,"
996,luba lammani heme,may I be that man's guardian angel .,that man shall stay in jail
997,mumu hepade,May he invoke my name,"but the foundations ,"
998,enmu hetare,and tend to me .,"x-agazi ,"
999,NUMB amar az,NUMB bear cub,NUMB bear cubs
1000,ursuen dumulugal,"( from ) Ur-Suen , the king’s son :","Ur-Suen , prince ,"
1001,mu simurum u lulubu ara NUMB bahul,"year : “ Simurrum and Lullubu for the ordNUMB time was destroyed , ”",year : “ Simurrum and Lullubu for the ordNUMB time were destroyed . ”
1002,mu NUMB ceba,"NUMB years of rations ,",NUMB
1003,girisega ugnim,personnel of Ugnim,personnel of the stall ;
1004,emeslam,"of the Emeslam ,","say ,"
1005,X nerigal,the temple of Nergal,"…-la , Abarnum ,"
1006,in gudua,in Kutha .,in the furrows of x-alim .
1007,nin me,"the queen of battle ,","the queen of war ,"
1008,dam kiaganir,"his beloved spouse ,","his beloved wife ,"
1009,argibilu zabar,her bronze argibil-structure,"Zan-MENI , the gardener ,"
1010,e geparakani,of the Gipar temple,"the Etemeniguru ,"
1011,nigkak ce cukura,"accounts ,  barley of distribution ,",accounts of grain of
1012,abamu u urlamma,"Abbamu an Ur-Lamma ,",Abbamu and Ur-Ebabbar
1013,mu en inanna mace ipa,year : “ The en- ( priest ) of Inanna by goat was found . ”,year : “ The high-priest of Inanna was named . ”
